City_ID,City,Country,Date,Lat,Lng,Max Temp,Humidity,Cloudiness,Wind Speed
0,Saskylakh,RU,2022-04-05 19:14:23,71.9167,114.0833,-25.44,100,67,2.15
1,Cape Town,ZA,2022-04-05 19:14:23,-33.9258,18.4232,60.89,85,16,3.0
2,Ushuaia,AR,2022-04-05 19:14:24,-54.8,-68.3,38.86,81,75,26.46
3,Bredasdorp,ZA,2022-04-05 19:12:58,-34.5322,20.0403,60.96,68,0,14.47
4,Bull Savanna,JM,2022-04-05 19:14:24,17.8868,-77.5902,83.44,57,62,18.05
5,Ponta Do Sol,PT,2022-04-05 19:13:09,32.6667,-17.1,61.72,65,43,7.65
6,Port-Gentil,GA,2022-04-05 19:14:24,-0.7193,8.7815,81.32,79,22,12.62
7,Thompson,CA,2022-04-05 19:14:25,55.7435,-97.8558,37.56,75,75,14.97
8,Chatra,IN,2022-04-05 19:14:25,24.2167,84.8667,75.92,8,21,2.08
9,Yeppoon,AU,2022-04-05 19:14:25,-23.1333,150.7333,69.58,75,6,13.18
10,Pinhao,BR,2022-04-05 19:14:26,-25.6956,-51.6597,77.5,59,33,4.12
11,Forssa,FI,2022-04-05 19:14:26,60.8146,23.6215,24.4,75,100,14.34
12,Kapaa,US,2022-04-05 19:14:26,22.0752,-159.319,76.98,95,100,13.8
13,Coquimbo,CL,2022-04-05 19:13:04,-29.9533,-71.3436,58.73,88,75,13.8
14,Faanui,PF,2022-04-05 19:14:27,-16.4833,-151.75,83.05,75,7,21.54
15,Lentate Sul Seveso,IT,2022-04-05 19:14:27,45.6807,9.1173,56.84,57,0,1.01
16,Busselton,AU,2022-04-05 19:14:28,-33.65,115.3333,55.89,73,19,7.99
17,Albany,US,2022-04-05 19:12:13,42.6001,-73.9662,59.92,41,86,4.0
18,Provideniya,RU,2022-04-05 19:14:28,64.3833,-173.3,2.43,78,55,6.53
19,Wilmington,US,2022-04-05 19:12:04,34.2257,-77.9447,75.97,58,0,18.41
20,Kifri,IQ,2022-04-05 19:14:28,34.6959,44.9661,72.75,26,99,5.84
21,Milos,GR,2022-04-05 19:14:29,36.75,24.4333,57.43,74,100,16.78
22,Krasnoselkup,RU,2022-04-05 19:14:29,65.7,82.4667,34.3,99,100,24.4
23,Guerrero Negro,MX,2022-04-05 19:11:26,27.9769,-114.0611,74.01,45,0,6.26
24,Ahipara,NZ,2022-04-05 19:14:29,-35.1667,173.1667,66.02,95,100,7.05
25,Aginskoye,RU,2022-04-05 19:14:30,51.1,114.53,18.18,44,94,2.37
26,Qaanaaq,GL,2022-04-05 19:14:30,77.484,-69.3632,12.61,89,19,2.26
27,Mataura,NZ,2022-04-05 19:14:30,-46.1927,168.8643,49.41,73,29,9.55
28,Grindavik,IS,2022-04-05 19:14:31,63.8424,-22.4338,28.87,64,75,26.46
29,Punta Arenas,CL,2022-04-05 19:14:31,-53.15,-70.9167,48.31,47,20,13.8
30,Hasaki,JP,2022-04-05 19:14:31,35.7333,140.8333,50.4,76,100,5.84
31,Ilulissat,GL,2022-04-05 19:14:32,69.2167,-51.1,30.22,74,75,3.44
32,Butaritari,KI,2022-04-05 19:12:59,3.0707,172.7902,80.92,82,37,16.93
33,Maarianhamina,AX,2022-04-05 19:14:32,60.0973,19.9348,28.26,86,75,8.05
34,Khatanga,RU,2022-04-05 19:14:32,71.9667,102.5,-12.26,93,10,8.19
35,Saldanha,ZA,2022-04-05 19:14:33,-33.0117,17.9442,61.72,80,0,7.2
36,Kibaya,TZ,2022-04-05 19:14:33,-5.3,36.5667,60.89,93,23,3.69
37,Birjand,IR,2022-04-05 19:14:33,32.8663,59.2211,71.02,11,5,10.18
38,Elmadag,TR,2022-04-05 19:14:34,39.9208,33.2308,55.53,53,17,6.73
39,Maniitsoq,GL,2022-04-05 19:14:34,65.4167,-52.9,30.81,85,100,5.39
40,Santa Maria,BR,2022-04-05 19:14:34,-29.6842,-53.8069,72.88,77,96,5.59
41,Kirakira,SB,2022-04-05 19:14:35,-10.4544,161.9205,80.02,87,98,13.11
42,Falmouth,GB,2022-04-05 19:14:35,50.1544,-5.0711,50.9,87,75,18.41
43,Quatre Cocos,MU,2022-04-05 19:14:35,-20.2078,57.7625,77.11,85,98,11.63
44,Sitka,US,2022-04-05 19:14:35,57.0531,-135.33,37.29,81,100,6.91
45,Puerto Escondido,MX,2022-04-05 19:17:35,15.85,-97.0667,85.03,70,0,16.11
46,Quezada,GT,2022-04-05 19:17:35,14.2722,-90.037,87.93,34,99,11.07
47,Druzhba,UA,2022-04-05 19:17:36,52.0428,33.9453,38.16,84,100,17.56
48,Rupert,US,2022-04-05 19:17:36,42.6191,-113.6772,39.18,44,100,21.85
49,Haapiti,PF,2022-04-05 19:17:36,-17.5667,-149.8667,85.73,75,5,21.12
50,Kikwit,CD,2022-04-05 19:17:37,-5.041,18.8162,72.55,96,100,1.77
51,Chapeco,BR,2022-04-05 19:17:37,-27.0964,-52.6183,80.35,61,75,5.75
52,Rikitea,PF,2022-04-05 19:17:37,-23.1203,-134.9692,79.11,68,33,19.91
53,Burnie,AU,2022-04-05 19:17:38,-41.0667,145.9167,53.2,80,100,11.72
54,Vaini,TO,2022-04-05 19:17:38,-21.2,-175.2,71.76,100,40,2.3
55,Leningradskiy,RU,2022-04-05 19:17:38,69.3833,178.4167,-10.88,88,8,10.27
56,Bluff,NZ,2022-04-05 19:13:12,-46.6,168.3333,53.44,75,89,33.13
57,Shache,CN,2022-04-05 19:17:39,38.4167,77.2406,63.16,16,0,6.04
58,Marystown,CA,2022-04-05 19:17:01,47.1666,-55.1483,39.85,100,100,15.01
59,Princeton,US,2022-04-05 19:13:15,25.5384,-80.4089,88.02,72,100,12.66
60,Touros,BR,2022-04-05 19:17:39,-5.1989,-35.4608,83.37,69,11,14.2
61,Sitges,ES,2022-04-05 19:17:39,41.2351,1.8119,56.01,56,100,1.52
62,Ust-Nera,RU,2022-04-05 19:17:40,64.5667,143.2,-16.08,100,94,5.01
63,Hobart,AU,2022-04-05 19:13:07,-42.8794,147.3294,53.46,72,100,5.75
64,Dikson,RU,2022-04-05 19:17:40,73.5069,80.5464,4.73,76,100,16.93
65,Goure,NE,2022-04-05 19:17:40,13.9835,10.2704,89.8,6,100,7.56
66,Port Alfred,ZA,2022-04-05 19:17:41,-33.5906,26.891,64.6,76,5,8.28
67,Atuona,PF,2022-04-05 19:17:41,-9.8,-139.0333,79.41,72,9,23.69
68,Puerto Ayora,EC,2022-04-05 19:17:41,-0.7393,-90.3518,84.16,86,45,5.01
69,Sokoto,NG,2022-04-05 19:17:41,13.0609,5.239,95.16,18,15,6.33
70,Tianpeng,CN,2022-04-05 19:17:42,30.9866,103.9393,54.07,81,100,2.33
71,Buala,SB,2022-04-05 19:17:42,-8.145,159.5921,77.2,94,100,9.98
72,Gushikawa,JP,2022-04-05 19:17:42,26.3544,127.8686,65.43,71,100,8.05
73,Klyuchi,RU,2022-04-05 19:17:43,52.2667,79.1667,53.04,67,62,8.32
74,Moree,AU,2022-04-05 19:17:43,-29.4667,149.85,62.62,88,25,10.36
75,Yellowknife,CA,2022-04-05 19:17:43,62.456,-114.3525,34.41,77,75,10.36
76,Hermanus,ZA,2022-04-05 19:17:44,-34.4187,19.2345,60.8,78,1,14.54
77,Fort Frances,CA,2022-04-05 19:17:44,48.5999,-93.4003,37.62,74,100,14.97
78,Sisimiut,GL,2022-04-05 19:17:44,66.9395,-53.6735,28.36,92,83,4.61
79,Komsomolskiy,UZ,2022-04-05 19:17:44,40.4272,71.7189,63.32,42,0,9.22
80,Mayo,US,2022-04-05 19:17:45,38.8876,-76.5119,58.17,92,100,5.01
81,Chokurdakh,RU,2022-04-05 19:17:45,70.6333,147.9167,-21.68,100,100,4.32
82,New Norfolk,AU,2022-04-05 19:17:45,-42.7826,147.0587,53.1,68,82,1.25
83,Verkhnyaya Inta,RU,2022-04-05 19:17:46,65.9811,60.3094,10.15,96,100,6.78
84,Vardo,NO,2022-04-05 19:15:53,70.3705,31.1107,31.98,80,75,28.77
85,Saint-Philippe,RE,2022-04-05 19:17:46,-21.3585,55.7679,78.39,87,51,10.04
86,Aracuai,BR,2022-04-05 19:17:46,-16.8497,-42.0703,94.37,25,0,2.28
87,Constitucion,CL,2022-04-05 19:17:47,-35.3333,-72.4167,65.28,60,8,12.57
88,Mizan Teferi,ET,2022-04-05 19:16:18,6.9833,35.5833,66.99,66,24,2.82
89,Havoysund,NO,2022-04-05 19:17:47,70.9963,24.6622,32.23,67,100,32.82
90,Chapais,CA,2022-04-05 19:17:47,49.7834,-74.8492,35.38,59,91,2.44
91,Wajima,JP,2022-04-05 19:17:48,37.4,136.9,51.48,70,100,13.78
92,Cabo San Lucas,MX,2022-04-05 19:14:19,22.8909,-109.9124,80.62,62,0,11.5
93,Denpasar,ID,2022-04-05 19:18:48,-8.65,115.2167,80.26,88,20,6.91
94,Pangody,RU,2022-04-05 19:18:48,65.85,74.4859,33.91,99,100,19.35
95,Aden,YE,2022-04-05 19:18:49,12.7794,45.0367,82.13,63,0,14.83
96,Toppenish,US,2022-04-05 19:17:18,46.3774,-120.3087,54.21,31,0,21.7
97,Harper,LR,2022-04-05 19:15:09,4.375,-7.7169,82.17,83,38,10.18
98,Bengkulu,ID,2022-04-05 19:18:49,-3.8004,102.2655,75.96,88,100,4.47
99,Arraial Do Cabo,BR,2022-04-05 19:15:30,-22.9661,-42.0278,78.76,94,75,16.11
100,Manado,ID,2022-04-05 19:18:50,1.487,124.8455,75.97,100,40,2.3
101,Crepy-En-Valois,FR,2022-04-05 19:18:50,49.2336,2.8881,53.73,87,99,8.77
102,Tomatlan,MX,2022-04-05 19:18:50,19.9333,-105.25,88.5,34,1,9.51
103,Angoram,PG,2022-04-05 19:18:51,-4.0625,144.0661,73.83,97,100,2.06
104,Kapit,MY,2022-04-05 19:18:51,2.0167,112.9333,72.39,99,100,0.92
105,Embonas,GR,2022-04-05 19:18:51,36.2269,27.8564,60.93,87,74,7.05
106,Mercedes,AR,2022-04-05 19:18:51,-34.6515,-59.4307,79.03,16,0,8.23
107,Kaeo,NZ,2022-04-05 19:14:27,-35.1,173.7833,66.33,96,100,5.68
108,Lompoc,US,2022-04-05 19:15:54,34.6391,-120.4579,87.57,50,0,17.27
109,Shestakovo,RU,2022-04-05 19:18:52,56.4915,103.96,27.14,97,100,4.5
110,Tasiilaq,GL,2022-04-05 19:18:52,65.6145,-37.6368,12.69,91,55,5.3
111,Agadez,NE,2022-04-05 19:18:53,19.75,10.25,89.69,6,100,7.49
112,Broken Hill,AU,2022-04-05 19:18:53,-31.95,141.4333,63.27,42,99,10.69
113,Puerto Madryn,AR,2022-04-05 19:18:53,-42.7692,-65.0385,77.94,31,19,22.08
114,Kodiak,US,2022-04-05 19:18:54,57.79,-152.4072,36.91,56,0,8.05
115,Port Hedland,AU,2022-04-05 19:18:54,-20.3167,118.5667,80.65,69,100,4.61
116,Dublin,US,2022-04-05 19:17:22,37.7021,-121.9358,69.15,40,0,11.5
117,Kavaratti,IN,2022-04-05 19:18:54,10.5669,72.642,83.48,74,22,6.89
118,Bethel,US,2022-04-05 19:18:55,41.3712,-73.414,60.19,46,20,6.91
119,Sabang,ID,2022-04-05 19:18:55,5.8933,95.3214,78.37,82,100,3.65
120,Christchurch,NZ,2022-04-05 19:14:58,-43.5333,172.6333,65.41,76,100,4.61
121,Barrow,US,2022-04-05 19:18:55,71.2906,-156.7887,-18.38,76,75,8.05
122,Carbondale,US,2022-04-05 19:18:55,37.7273,-89.2168,68.0,62,0,11.5
123,Orotukan,RU,2022-04-05 19:18:56,62.2667,151.7,-6.63,100,92,2.98
124,Snezhnogorsk,RU,2022-04-05 19:18:56,69.1933,33.2531,29.98,82,100,19.91
125,Bambous Virieux,MU,2022-04-05 19:18:56,-20.3428,57.7575,77.25,100,75,11.5
126,Cambuga,PH,2022-04-05 19:18:57,13.6167,122.45,76.55,86,100,8.25
127,Srednekolymsk,RU,2022-04-05 19:18:57,67.45,153.6833,-26.32,100,100,4.72
128,Sioux Lookout,CA,2022-04-05 19:15:36,50.1001,-91.917,37.47,65,100,10.36
129,Richards Bay,ZA,2022-04-05 19:18:57,-28.783,32.0377,72.32,89,21,2.28
130,Kloulklubed,PW,2022-04-05 19:18:20,7.0419,134.2556,81.63,78,100,5.23
131,Shingu,JP,2022-04-05 19:18:58,33.7333,135.9833,51.51,63,100,5.82
132,Alofi,NU,2022-04-05 19:18:58,-19.0595,-169.9187,73.29,94,100,5.75
133,Padang,ID,2022-04-05 19:18:58,-0.9492,100.3543,76.71,88,98,3.74
134,Carnarvon,AU,2022-04-05 19:18:59,-24.8667,113.6333,71.67,83,0,10.36
135,College,US,2022-04-05 19:18:59,64.8569,-147.8028,19.47,72,75,3.44
136,Norderstedt,DE,2022-04-05 19:18:59,53.7,10.0167,42.15,93,100,2.3
137,Port Augusta,AU,2022-04-05 19:19:00,-32.5,137.7667,65.08,67,16,7.0
138,Surt,LY,2022-04-05 19:19:00,31.2089,16.5887,65.59,77,18,9.57
139,Mount Isa,AU,2022-04-05 19:19:00,-20.7333,139.5,55.17,33,6,1.14
140,Avarua,CK,2022-04-05 19:20:01,-21.2078,-159.775,82.45,83,20,8.05
141,Pijijiapan,MX,2022-04-05 19:20:01,15.7011,-93.23,93.29,44,7,10.58
142,Kargopol,RU,2022-04-05 19:20:02,61.5071,38.9456,33.31,91,100,12.75
143,Torbay,CA,2022-04-05 19:18:00,47.6666,-52.7314,43.29,93,100,14.97
144,Dolores,AR,2022-04-05 19:20:02,-36.3132,-57.6792,75.67,28,1,11.54
145,Sabancuy,MX,2022-04-05 19:20:02,18.9667,-91.1833,95.47,43,0,6.6
146,Hamilton,US,2022-04-05 19:16:33,39.1834,-84.5333,55.78,95,100,9.22
147,Grand-Santi,GF,2022-04-05 19:20:03,4.25,-54.3833,80.46,92,44,3.96
148,Upernavik,GL,2022-04-05 19:20:03,72.7868,-56.1549,26.33,94,100,7.09
149,Ribeira Grande,PT,2022-04-05 19:20:04,38.5167,-28.7,63.0,82,20,9.22
150,Nouadhibou,MR,2022-04-05 19:17:58,20.931,-17.0347,67.98,60,0,21.85
151,Jamestown,US,2022-04-05 19:16:41,42.097,-79.2353,64.02,31,20,8.01
152,Longyearbyen,SJ,2022-04-05 19:20:04,78.2186,15.6401,10.24,61,0,17.27
153,Xingyi,CN,2022-04-05 19:20:04,24.1877,102.817,50.22,91,92,2.98
154,Mandalay,MM,2022-04-05 19:15:47,21.9747,96.0836,86.58,41,16,5.77
155,Laguna,US,2022-04-05 19:20:05,38.421,-121.4238,69.3,35,0,19.57
156,Pisco,PE,2022-04-05 19:18:02,-13.7,-76.2167,73.45,68,0,6.91
157,Palmer,US,2022-04-05 19:20:05,42.1584,-72.3287,62.33,34,40,6.91
158,Castro,BR,2022-04-05 19:20:05,-24.7911,-50.0119,76.05,70,14,3.09
159,Nunkini,MX,2022-04-05 19:20:06,20.3333,-90.1833,104.31,22,4,6.49
160,Tokur,RU,2022-04-05 19:20:06,53.1333,132.9,13.73,91,100,7.81
161,Port Hueneme,US,2022-04-05 19:20:06,34.1478,-119.1951,89.38,46,0,9.22
162,Lagoa,PT,2022-04-05 19:20:07,39.05,-27.9833,59.83,83,39,12.5
163,Cayenne,GF,2022-04-05 19:20:07,4.9333,-52.3333,77.04,88,100,9.22
164,Doraha,IN,2022-04-05 19:20:07,30.8167,76.0167,75.58,10,0,3.62
165,East London,ZA,2022-04-05 19:20:08,-33.0153,27.9116,67.78,74,56,5.35
166,Albanel,CA,2022-04-05 19:20:08,48.8832,-72.4487,39.18,33,99,2.3
167,Fairbanks,US,2022-04-05 19:15:33,64.8378,-147.7164,19.49,72,0,3.44
168,Bathsheba,BB,2022-04-05 19:20:08,13.2167,-59.5167,84.81,58,40,11.5
169,Dehui,CN,2022-04-05 19:20:09,44.5333,125.7,29.48,29,0,13.94
170,Lebu,CL,2022-04-05 19:20:09,-37.6167,-73.65,59.95,80,51,12.84
171,Ukiah,US,2022-04-05 19:17:02,39.1502,-123.2078,68.16,42,0,8.05
172,Cobija,BO,2022-04-05 19:20:09,-11.0267,-68.7692,91.58,58,40,0.0
173,Simpang,ID,2022-04-05 19:20:10,-1.2667,104.0833,73.99,94,74,2.04
174,Kaitangata,NZ,2022-04-05 19:20:10,-46.2817,169.8464,50.36,82,98,12.44
175,Alamos,MX,2022-04-05 19:20:11,27.0167,-108.9333,84.31,23,0,5.95
176,Northam,GB,2022-04-05 19:20:11,51.0333,-4.2167,50.4,88,100,21.18
177,Khushab,PK,2022-04-05 19:20:11,32.2967,72.3525,79.97,13,8,4.32
178,Bataipora,BR,2022-04-05 19:20:12,-22.2953,-53.2711,89.55,49,2,1.52
179,Georgetown,MY,2022-04-05 19:15:13,5.4112,100.3354,78.73,89,20,4.61
180,Sawakin,SD,2022-04-05 19:20:12,19.1059,37.3321,81.52,55,0,5.03
181,Tigil,RU,2022-04-05 19:20:13,57.8,158.6667,21.7,96,100,1.43
182,Ucluelet,CA,2022-04-05 19:20:13,48.9329,-125.5528,49.08,71,9,7.0
183,Port Elizabeth,ZA,2022-04-05 19:17:03,-33.918,25.5701,66.49,68,0,18.41
184,Antofagasta,CL,2022-04-05 19:18:50,-23.65,-70.4,72.21,49,88,8.93
185,Lewiston,US,2022-04-05 19:15:53,44.1003,-70.2148,59.86,28,20,10.36
186,Namatanai,PG,2022-04-05 19:20:14,-3.6667,152.4333,77.65,91,100,6.82
187,Valdez,EC,2022-04-05 19:21:14,1.2492,-78.9831,81.79,76,20,9.57
188,Hilo,US,2022-04-05 19:21:14,19.7297,-155.09,74.62,90,100,6.91
189,Dargaville,NZ,2022-04-05 19:21:15,-35.9333,173.8833,62.87,97,93,4.94
190,Imeni Poliny Osipenko,RU,2022-04-05 19:21:15,52.4201,136.4853,21.24,93,100,7.4
191,Urazovka,RU,2022-04-05 19:21:15,55.4013,45.6186,27.46,90,100,9.31
192,Bafoulabe,ML,2022-04-05 19:21:15,13.8065,-10.8321,100.42,11,79,8.55
193,Zhigansk,RU,2022-04-05 19:21:16,66.7697,123.3711,-10.41,100,83,9.4
194,Beian,NO,2022-04-05 19:21:16,63.6559,9.5683,33.01,86,100,11.5
195,Patea,NZ,2022-04-05 19:21:16,-39.7583,174.4833,64.06,95,50,9.62
196,Malaya Vishera,RU,2022-04-05 19:21:17,58.8454,32.2222,33.24,83,100,11.27
197,Salinopolis,BR,2022-04-05 19:21:17,-0.6136,-47.3561,78.1,88,96,3.06
198,Edson,CA,2022-04-05 19:21:17,53.5835,-116.4356,42.94,56,0,14.97
199,Wanaka,NZ,2022-04-05 19:21:18,-44.7,169.15,55.11,95,93,1.01
200,Chik,RU,2022-04-05 19:21:18,54.9928,82.4311,47.95,61,0,6.71
201,Port-Cartier,CA,2022-04-05 19:21:19,50.0334,-66.8654,39.42,85,100,8.75
202,Kavieng,PG,2022-04-05 19:21:19,-2.5744,150.7967,79.9,85,100,18.14
203,Praia Da Vitoria,PT,2022-04-05 19:21:19,38.7333,-27.0667,63.75,72,40,7.96
204,Chaman,PK,2022-04-05 19:21:20,30.9236,66.4512,72.12,11,11,4.41
205,San Rafael Del Sur,NI,2022-04-05 19:21:20,11.8485,-86.4384,92.37,37,13,8.08
206,Corrientes,AR,2022-04-05 19:21:20,-27.4806,-58.8341,75.16,96,75,2.3
207,Nuuk,GL,2022-04-05 19:21:21,64.1835,-51.7216,32.61,93,75,4.61
208,Biltine,TD,2022-04-05 19:21:21,14.5333,20.9167,93.24,10,0,9.4
209,Inirida,CO,2022-04-05 19:21:21,3.8653,-67.9239,80.78,90,100,2.57
210,Carmo Do Paranaiba,BR,2022-04-05 19:21:21,-19.0008,-46.3161,85.75,47,49,4.74
211,Gedo,ET,2022-04-05 19:21:22,9.0167,37.45,61.52,36,26,2.28
212,Kaseda,JP,2022-04-05 19:21:22,31.4167,130.3167,56.59,62,100,7.27
213,Puerto Baquerizo Moreno,EC,2022-04-05 19:21:22,-0.9,-89.6,83.39,79,40,11.5
214,Hokitika,NZ,2022-04-05 19:16:46,-42.7167,170.9667,62.64,89,100,9.62
215,Te Anau,NZ,2022-04-05 19:21:23,-45.4167,167.7167,47.5,82,24,5.03
216,Shenkursk,RU,2022-04-05 19:21:23,62.1091,42.896,31.01,90,100,9.31
217,Yulara,AU,2022-04-05 19:19:35,-25.2406,130.9889,71.44,56,42,14.97
218,Iqaluit,CA,2022-04-05 19:21:24,63.7506,-68.5145,8.33,78,75,27.63
219,Nanortalik,GL,2022-04-05 19:20:24,60.1432,-45.2371,34.39,81,74,4.52
220,Mamakan,RU,2022-04-05 19:21:24,57.8161,114.0028,1.58,99,86,1.95
221,Soyo,AO,2022-04-05 19:21:24,-6.1349,12.3689,78.03,89,39,8.23
222,Rawson,AR,2022-04-05 19:20:52,-43.3002,-65.1023,76.06,33,49,24.07
223,North Platte,US,2022-04-05 19:21:25,41.1239,-100.7654,55.11,36,40,23.0
224,San Cristobal,VE,2022-04-05 19:21:25,7.7669,-72.225,80.78,55,100,5.77
225,Matamoros,MX,2022-04-05 19:21:25,25.5333,-103.25,84.31,8,40,4.61
226,Aklavik,CA,2022-04-05 19:21:26,68.2191,-135.0107,-4.0,54,20,9.22
227,Tecpan,GT,2022-04-05 19:21:26,14.7623,-90.9947,72.9,44,14,10.02
228,Soloneshnoye,RU,2022-04-05 19:21:26,51.6544,84.3197,39.7,79,30,7.02
229,Coracora,PE,2022-04-05 19:21:27,-15.0333,-73.7833,59.16,62,86,7.87
230,Montgomery,US,2022-04-05 19:22:27,39.1501,-77.1997,55.18,89,100,4.61
231,Toktogul,KG,2022-04-05 19:22:27,41.8708,72.9402,56.19,51,0,4.03
232,Moju,BR,2022-04-05 19:22:28,-1.8839,-48.7689,77.95,96,97,3.11
233,Codrington,AU,2022-04-05 19:17:57,-38.2667,141.9667,58.68,80,100,9.91
234,Bairiki,KI,2022-04-05 19:22:28,1.3292,172.9752,80.6,89,40,9.22
235,Yurkivka,UA,2022-04-05 19:22:28,49.0126,31.1013,46.4,64,100,15.37
236,Dunedin,NZ,2022-04-05 19:22:29,-45.8742,170.5036,54.81,79,100,11.99
237,Thinadhoo,MV,2022-04-05 19:22:29,0.5333,72.9333,82.45,73,13,4.09
238,Sarkand,KZ,2022-04-05 19:22:29,45.41,79.9186,57.85,26,2,8.41
239,Talant,FR,2022-04-05 19:22:30,47.3369,5.0089,52.41,71,100,4.61
240,Nikolskoye,RU,2022-04-05 19:22:30,59.7035,30.7861,31.91,82,74,12.48
241,Muros,ES,2022-04-05 19:22:30,42.7762,-9.0603,57.16,58,0,14.05
242,Chumikan,RU,2022-04-05 19:22:30,54.7183,135.315,24.28,97,100,6.29
243,Ak-Dovurak,RU,2022-04-05 19:22:31,51.1833,90.6,39.24,78,99,1.32
244,Tiksi,RU,2022-04-05 19:22:31,71.6872,128.8694,-17.79,100,100,1.63
245,Outram,MY,2022-04-05 19:22:31,1.2829,103.8379,78.82,86,75,1.14
246,Sabha,LY,2022-04-05 19:22:32,27.0377,14.4283,87.53,8,0,3.0
247,Ban Dung,TH,2022-04-05 19:22:32,17.699,103.2596,73.11,98,9,9.13
248,Dire Dawa,ET,2022-04-05 19:22:32,9.5931,41.8661,75.15,40,3,3.38
249,San Carlos De Bariloche,AR,2022-04-05 19:22:33,-41.1456,-71.3082,58.75,63,75,23.02
250,General Roca,AR,2022-04-05 19:22:33,-39.0333,-67.5833,82.62,25,37,13.13
251,Westport,US,2022-04-05 19:21:44,41.1415,-73.3579,59.34,49,100,5.75
252,Stepnyak,KZ,2022-04-05 19:22:33,52.8339,70.7803,35.69,89,90,17.49
253,Airai,TL,2022-04-05 19:22:34,-8.9266,125.4092,57.96,89,23,2.19
254,Klaksvik,FO,2022-04-05 19:22:34,62.2266,-6.589,34.72,59,100,20.4
255,Dosso,NE,2022-04-05 19:22:34,13.049,3.1937,96.46,18,100,5.84
256,Talnakh,RU,2022-04-05 19:22:35,69.4865,88.3972,9.21,78,53,7.4
257,Tuktoyaktuk,CA,2022-04-05 19:22:35,69.4541,-133.0374,-11.2,70,75,9.22
258,Port Moresby,PG,2022-04-05 19:22:35,-9.4431,147.1797,74.62,94,40,8.05
259,Chicama,PE,2022-04-05 19:22:35,-7.8447,-79.1469,68.54,60,14,10.4
260,Kirillov,RU,2022-04-05 19:22:36,59.863,38.3813,32.23,96,100,13.78
261,Ban Nahin,LA,2022-04-05 19:20:22,18.2418,104.2122,68.07,79,7,4.0
262,Suez,EG,2022-04-05 19:22:36,29.9737,32.5263,84.79,11,13,8.79
263,Myshkin,RU,2022-04-05 19:22:37,57.7897,38.4545,32.49,83,100,16.49
264,Douglas,US,2022-04-05 19:18:21,41.3,-96.167,59.95,76,40,14.97
265,High Level,CA,2022-04-05 19:22:37,58.5169,-117.136,37.51,60,20,6.91
266,Segamat,MY,2022-04-05 19:22:37,2.5148,102.8158,74.5,95,98,2.51
267,Mbandaka,CD,2022-04-05 19:22:38,0.0487,18.2603,74.19,87,100,5.12
268,Hithadhoo,MV,2022-04-05 19:22:38,-0.6,73.0833,82.96,66,15,4.74
269,Marmaris,TR,2022-04-05 19:22:38,36.855,28.2742,66.11,65,100,6.44
270,Pangnirtung,CA,2022-04-05 19:19:39,66.1451,-65.7125,10.4,79,75,2.3
271,Fortuna,US,2022-04-05 19:22:39,40.5982,-124.1573,55.92,65,0,13.8
272,Navrongo,GH,2022-04-05 19:22:39,10.8956,-1.0921,95.83,28,98,7.18
273,Nishihara,JP,2022-04-05 19:22:39,26.1842,127.7558,65.48,64,100,9.22
274,Manbij,SY,2022-04-05 19:22:40,36.5281,37.9549,63.39,38,100,3.87
275,Palora,EC,2022-04-05 19:22:40,-1.7,-77.9333,69.91,74,64,2.95
276,Dedougou,BF,2022-04-05 19:23:40,12.4667,-3.4667,90.97,34,87,11.05
277,Tambo,PE,2022-04-05 19:23:40,-14.8,-73.9167,47.16,63,98,8.08
278,Lulea,SE,2022-04-05 19:23:41,65.5842,22.1547,24.87,93,100,9.22
279,Severo-Kurilsk,RU,2022-04-05 19:23:41,50.6789,156.125,32.77,67,0,4.59
280,Hervey Bay,AU,2022-04-05 19:23:41,-25.2986,152.8535,74.68,72,0,15.3
281,Khani,GE,2022-04-05 19:23:42,41.9563,42.9566,38.77,97,100,3.04
282,Troitsko-Pechorsk,RU,2022-04-05 19:23:42,62.7084,56.1964,12.33,96,32,5.61
283,Emmett,US,2022-04-05 19:23:42,43.8735,-116.4993,48.79,37,99,7.0
284,Husavik,IS,2022-04-05 19:23:43,66.0449,-17.3389,26.37,93,100,29.3
285,Ostrovnoy,RU,2022-04-05 19:23:43,68.0531,39.5131,26.06,88,100,14.2
286,Luderitz,NA,2022-04-05 19:23:43,-26.6481,15.1594,61.97,80,0,13.51
287,Nagato,JP,2022-04-05 19:23:44,34.3833,131.2,53.2,75,100,8.88
288,Trairi,BR,2022-04-05 19:22:31,-3.2778,-39.2689,82.31,77,2,9.51
289,Rundu,NA,2022-04-05 19:23:44,-17.9333,19.7667,72.81,55,58,4.41
290,Grand Gaube,MU,2022-04-05 19:23:44,-20.0064,57.6608,77.4,89,100,1.99
291,Egvekinot,RU,2022-04-05 19:23:45,66.3167,-179.1667,-10.35,73,0,5.73
292,Snasa,NO,2022-04-05 19:23:45,64.2457,12.3778,27.81,97,16,4.54
293,Buta,CD,2022-04-05 19:23:45,2.7858,24.73,68.79,93,100,2.37
294,Yeola,IN,2022-04-05 19:23:45,20.0333,74.4833,86.95,26,1,8.16
295,Banda Aceh,ID,2022-04-05 19:23:46,5.5577,95.3222,76.26,87,100,3.31
296,Molina,CL,2022-04-05 19:23:46,-35.1167,-71.2833,79.38,35,0,8.05
297,Mahebourg,MU,2022-04-05 19:23:46,-20.4081,57.7,77.29,100,75,11.5
298,Paka,MY,2022-04-05 19:23:47,4.6374,103.4368,75.13,100,46,0.0
299,Sri Aman,MY,2022-04-05 19:23:47,1.2376,111.4621,75.25,94,100,1.14
300,Oktyabrskoye,RU,2022-04-05 19:23:47,43.0645,44.7417,37.54,93,100,6.71
301,Songea,TZ,2022-04-05 19:23:48,-10.6833,35.65,64.85,93,10,3.06
302,Anakapalle,IN,2022-04-05 19:23:48,17.6833,83.0167,82.35,93,6,5.06
303,Chauk,MM,2022-04-05 19:23:48,20.8833,94.8167,84.63,57,26,6.82
304,Pochutla,MX,2022-04-05 19:23:49,15.7432,-96.4661,84.02,36,0,12.01
305,Pingliang,CN,2022-04-05 19:23:49,35.5392,106.6861,53.82,17,0,4.47
306,Sibu,MY,2022-04-05 19:23:50,2.3,111.8167,73.71,100,40,3.44
307,Narsaq,GL,2022-04-05 19:23:50,60.9167,-46.05,43.02,69,30,3.94
308,Lamar,US,2022-04-05 19:23:50,33.6668,-95.5836,81.64,73,40,10.36
309,Cadereyta,MX,2022-04-05 19:23:51,25.5833,-99.9833,98.28,8,37,5.75
310,Irricana,CA,2022-04-05 19:22:04,51.3237,-113.6048,51.44,32,99,25.5
311,Mathbaria,BD,2022-04-05 19:23:51,22.2876,89.9593,77.76,86,24,8.81
312,Saint-Pierre,RE,2022-04-05 19:23:51,-21.3393,55.4781,78.48,91,75,5.75
313,Panjab,AF,2022-04-05 19:23:52,34.388,67.0233,48.61,27,0,2.95
314,Limon,CR,2022-04-05 19:23:52,10.0,-83.0333,82.29,78,75,3.44
315,Temerin,RS,2022-04-05 19:23:52,45.4086,19.8892,46.22,54,0,2.55
316,Smidovich,RU,2022-04-05 19:23:53,48.6,133.8167,27.3,76,99,21.85
317,Asbe Teferi,ET,2022-04-05 19:23:53,9.0833,40.8667,68.49,31,33,2.73
318,Pevek,RU,2022-04-05 19:23:53,69.7008,170.3133,-25.11,100,100,5.03
319,Kafanchan,NG,2022-04-05 19:23:53,9.5833,8.3,83.64,27,58,2.51
320,Caconda,AO,2022-04-05 19:23:54,-13.7333,15.0667,64.94,81,99,2.57
321,Bhilwara,IN,2022-04-05 19:19:06,25.35,74.6333,84.69,11,60,7.63
322,Mar Del Plata,AR,2022-04-05 19:23:54,-38.0023,-57.5575,76.87,41,0,18.41
323,Saint George,US,2022-04-05 19:19:58,37.1041,-113.5841,79.95,17,0,19.57
324,Ossora,RU,2022-04-05 19:24:51,59.2353,163.0719,8.76,95,89,6.11
325,Robertsport,LR,2022-04-05 19:20:22,6.7533,-11.3686,80.17,86,8,10.67
326,Norman Wells,CA,2022-04-05 19:24:55,65.282,-126.8329,1.44,55,0,3.44
327,Diffa,NE,2022-04-05 19:24:55,13.3154,12.6113,89.49,7,0,4.79
328,Alekseyevskoye,RU,2022-04-05 19:24:55,55.3071,50.1135,25.14,93,9,8.57
329,Gornopravdinsk,RU,2022-04-05 19:24:56,60.05,69.9,34.03,86,76,14.72
330,Yuksekova,TR,2022-04-05 19:24:56,37.5736,44.2872,45.95,74,100,4.18
331,Chuy,UY,2022-04-05 19:24:56,-33.6971,-53.4616,71.78,32,0,7.02
332,Portland,US,2022-04-05 19:22:50,45.5234,-122.6762,54.84,59,75,10.36
333,Saint Anthony,US,2022-04-05 19:24:57,45.0205,-93.218,41.49,89,100,16.11
334,Kisangani,CD,2022-04-05 19:24:57,0.5167,25.2,73.49,85,100,3.18
335,Skibbereen,IE,2022-04-05 19:24:57,51.55,-9.2667,52.11,95,100,24.16
336,Mango,US,2022-04-05 19:24:58,27.9797,-82.3065,91.11,59,0,13.8
337,Itarema,BR,2022-04-05 19:24:58,-2.9248,-39.9167,82.4,79,7,10.16
338,Areka,ET,2022-04-05 19:24:58,7.0667,37.7,70.77,38,60,4.7
339,Matara,LK,2022-04-05 19:24:59,5.9485,80.5353,76.14,87,61,2.82
340,Kidal,ML,2022-04-05 19:24:59,18.4411,1.4078,94.57,4,5,11.86
341,Sharan,RU,2022-04-05 19:24:59,54.8167,54.0,22.46,93,13,6.31
342,Makakilo City,US,2022-04-05 19:25:00,21.3469,-158.0858,79.12,67,0,12.66
343,Abu Kamal,SY,2022-04-05 19:25:00,34.4506,40.9171,77.02,17,43,7.81
344,Terryville,US,2022-04-05 19:25:00,40.909,-73.0651,56.46,53,100,8.05
345,Tanete,ID,2022-04-05 19:25:00,-3.9443,119.7848,73.83,96,59,1.9
346,Aripuana,BR,2022-04-05 19:25:01,-9.1667,-60.6333,80.17,93,77,3.24
347,Pout,SN,2022-04-05 19:25:01,14.7739,-17.0603,70.56,73,20,21.85
348,Esil,KZ,2022-04-05 19:25:01,51.9556,66.4042,32.07,96,13,9.44
349,Kalianget,ID,2022-04-05 19:25:02,-7.05,113.9333,79.36,76,100,3.4
350,Shumskiy,RU,2022-04-05 19:25:02,54.8318,99.1328,35.49,88,100,4.21
351,Tateyama,JP,2022-04-05 19:25:03,34.9833,139.8667,57.58,80,100,4.88
352,Bereda,ES,2022-04-05 19:25:03,43.2686,-7.5406,45.57,77,0,5.77
353,Raudeberg,NO,2022-04-05 19:25:03,61.9875,5.1352,30.96,53,95,14.07
354,Ternate,ID,2022-04-05 19:25:04,0.8,127.4,80.85,81,90,8.43
355,Tuatapere,NZ,2022-04-05 19:21:20,-46.1333,167.6833,48.88,81,32,12.57
356,Hit,IQ,2022-04-05 19:25:04,33.6416,42.8251,78.53,17,98,5.99
357,Cidreira,BR,2022-04-05 19:25:04,-30.1811,-50.2056,70.65,70,20,9.46
358,Talcahuano,CL,2022-04-05 19:25:05,-36.7167,-73.1167,64.08,68,0,13.8
359,Nalut,LY,2022-04-05 19:25:05,30.3333,10.85,84.49,12,0,8.95
360,Ponta Delgada,PT,2022-04-05 19:25:05,37.7333,-25.6667,59.72,63,75,4.61
361,Bilibino,RU,2022-04-05 19:25:06,68.0546,166.4372,-17.34,91,15,4.0
362,Hualmay,PE,2022-04-05 19:25:06,-11.0964,-77.6139,74.52,72,52,10.29
363,Hearst,CA,2022-04-05 19:25:06,49.6835,-83.6665,44.85,96,98,6.06
364,Emerald,AU,2022-04-05 19:25:07,-23.5333,148.1667,69.94,78,100,3.44
365,Acacias,CO,2022-04-05 19:22:06,3.987,-73.758,77.05,78,85,3.24
366,Salalah,OM,2022-04-05 19:25:07,17.0151,54.0924,78.89,89,20,2.3
367,Onega,RU,2022-04-05 19:25:07,63.9061,38.1404,33.37,84,100,16.46
368,Anadyr,RU,2022-04-05 19:25:08,64.75,177.4833,-7.1,71,0,11.18
369,Margate,GB,2022-04-05 19:25:08,51.3813,1.3862,54.1,69,17,17.6
370,Anloga,GH,2022-04-05 19:26:08,5.7947,0.8973,82.99,82,25,12.5
371,Eyl,SO,2022-04-05 19:26:09,7.9803,49.8164,80.08,69,19,11.52
372,Kuala Terengganu,MY,2022-04-05 19:26:09,5.3302,103.1408,78.75,94,20,2.3
373,Port Lincoln,AU,2022-04-05 19:21:48,-34.7333,135.8667,60.39,79,13,14.07
374,Esperance,AU,2022-04-05 19:26:09,-33.8667,121.9,60.64,72,85,6.91
375,Vanimo,PG,2022-04-05 19:26:10,-2.6741,141.3028,77.61,84,100,6.33
376,Shahrud,IR,2022-04-05 19:26:10,36.4182,54.9763,64.49,26,0,6.26
377,Luang Prabang,LA,2022-04-05 19:24:10,19.8856,102.1347,73.26,78,26,1.19
378,Okha,RU,2022-04-05 19:26:10,53.5739,142.9478,29.37,98,100,15.05
379,Kawalu,ID,2022-04-05 19:26:11,-7.3817,108.2082,71.51,97,99,1.43
380,Ajaccio,FR,2022-04-05 19:26:11,42.0,8.9167,44.65,66,0,4.61
381,Adeje,ES,2022-04-05 19:26:11,28.1227,-16.726,63.48,52,75,2.3
382,Mahon,ES,2022-04-05 19:26:11,39.8885,4.2658,52.36,66,40,10.36
383,Batemans Bay,AU,2022-04-05 19:26:12,-35.7167,150.1833,63.1,87,100,5.53
384,Cherskiy,RU,2022-04-05 19:26:12,68.75,161.3,-20.69,99,35,1.66
385,Mutsu,JP,2022-04-05 19:26:12,41.2894,141.2169,43.5,85,7,4.29
386,Belmonte,BR,2022-04-05 19:26:13,-15.8631,-38.8828,82.45,67,9,7.07
387,Lar,IN,2022-04-05 19:26:13,26.2039,83.9717,79.99,10,3,5.66
388,Moskovskiy,RU,2022-04-05 19:26:13,55.5991,37.355,33.78,88,100,13.42
389,Tautira,PF,2022-04-05 19:26:14,-17.7333,-149.15,81.82,80,40,23.06
390,Vallenar,CL,2022-04-05 19:26:14,-28.5708,-70.7581,86.54,16,0,8.52
391,Amuntai,ID,2022-04-05 19:26:14,-2.4177,115.2494,73.67,99,100,0.69
392,Ancud,CL,2022-04-05 19:26:14,-41.8697,-73.8203,57.22,92,100,14.25
393,Lavrentiya,RU,2022-04-05 19:26:15,65.5833,-171.0,-5.6,91,30,7.72
394,Rurrenabaque,BO,2022-04-05 19:26:15,-14.4413,-67.5278,91.29,70,75,4.61
395,Suruc,TR,2022-04-05 19:26:15,36.9761,38.425,61.95,47,100,3.42
396,Honningsvag,NO,2022-04-05 19:26:16,70.9821,25.9704,31.75,69,75,24.16
397,Rudbar,AF,2022-04-05 19:26:16,30.15,62.6,83.68,7,0,10.6
398,Broome,US,2022-04-05 19:26:16,42.2506,-75.833,63.32,38,0,9.22
399,Indramayu,ID,2022-04-05 19:26:17,-6.3264,108.32,78.39,83,86,4.88
400,Parabel,RU,2022-04-05 19:26:17,58.6978,81.4825,38.5,94,61,10.31
401,Halapitan,PH,2022-04-05 19:23:20,7.9175,125.33,70.16,99,100,2.24
402,Chateaudun,FR,2022-04-05 19:26:17,48.0833,1.3333,51.94,92,95,7.2
403,Bowen,AU,2022-04-05 19:26:18,-20.0167,148.2333,70.75,91,79,6.42
404,Ilheus,BR,2022-04-05 19:26:18,-14.7889,-39.0494,84.02,74,40,9.22
405,West Wendover,US,2022-04-05 19:26:18,40.7391,-114.0733,47.41,27,20,13.8
406,Zhovtneve,UA,2022-04-05 19:26:19,50.6637,24.2492,38.62,86,100,12.44
407,Vila Velha,BR,2022-04-05 19:22:32,-20.3297,-40.2925,87.75,74,0,13.8
408,Gazli,UZ,2022-04-05 19:26:19,40.1333,63.45,76.82,19,100,9.8
409,Kruisfontein,ZA,2022-04-05 19:26:19,-34.0033,24.7314,60.89,70,6,17.67
410,Concordia,AR,2022-04-05 19:26:20,-31.393,-58.0209,78.87,54,75,7.0
411,Roald,NO,2022-04-05 19:26:20,62.5833,6.1333,34.32,86,75,10.36
412,Pomabamba,PE,2022-04-05 19:23:10,-8.8333,-77.4667,61.99,53,52,7.02
413,Kouroussa,GN,2022-04-05 19:26:20,10.65,-9.8833,95.52,24,72,1.68
414,Santa Rosa,PH,2022-04-05 19:24:46,14.3122,121.1114,75.18,94,100,10.0
415,Olecko,PL,2022-04-05 19:26:21,54.0337,22.507,30.9,76,98,6.71
416,Sorland,NO,2022-04-05 19:22:14,67.667,12.6934,31.86,65,100,28.99
417,Okhotsk,RU,2022-04-05 19:27:21,59.3833,143.3,11.5,84,100,9.8
418,Mareeba,AU,2022-04-05 19:27:21,-17.0,145.4333,70.52,95,62,2.06
419,Muyezerskiy,RU,2022-04-05 19:27:22,63.9333,31.65,31.6,94,100,16.22
420,Locri,IT,2022-04-05 19:27:22,38.2414,16.2623,57.33,82,100,1.34
421,Tarko-Sale,RU,2022-04-05 19:22:33,64.9225,77.785,34.5,100,100,21.5
422,Monte Alegre,BR,2022-04-05 19:27:22,-2.0078,-54.0692,80.46,87,97,3.83
423,Axim,GH,2022-04-05 19:27:23,4.8699,-2.2405,81.7,82,25,7.09
424,Fare,PF,2022-04-05 19:27:23,-16.7,-151.0167,82.99,75,6,21.32
425,Qaqortoq,GL,2022-04-05 19:27:23,60.7167,-46.0333,33.89,84,50,3.38
426,Muzhi,RU,2022-04-05 19:27:24,65.3667,64.6667,17.08,94,100,20.87
427,Ust-Maya,RU,2022-04-05 19:27:24,60.4167,134.5333,11.25,96,100,4.85
428,Acarau,BR,2022-04-05 19:26:25,-2.8856,-40.12,83.12,77,22,10.29
429,Taltal,CL,2022-04-05 19:27:24,-25.4,-70.4833,71.28,58,33,6.87
430,Gat,IL,2022-04-05 19:27:00,31.61,34.7642,78.4,28,100,0.85
431,Dalbandin,PK,2022-04-05 19:23:38,28.8947,64.4101,79.7,7,0,5.93
432,Skegness,GB,2022-04-05 19:27:25,53.1436,0.3363,54.57,74,100,16.58
433,Lorengau,PG,2022-04-05 19:27:25,-2.0226,147.2712,81.82,81,100,14.88
434,Ferkessedougou,CI,2022-04-05 19:27:25,9.6,-5.2,88.99,38,100,4.59
435,Karlskrona,SE,2022-04-05 19:26:03,56.1616,15.5866,36.05,68,91,14.41
436,Alice Springs,AU,2022-04-05 19:27:26,-23.7,133.8833,69.22,32,13,0.0
437,Serebryansk,KZ,2022-04-05 19:27:26,49.6925,83.2892,31.82,92,50,6.33
438,Vestmannaeyjar,IS,2022-04-05 19:27:26,63.4427,-20.2734,32.86,48,100,14.67
439,Dawlatabad,AF,2022-04-05 19:27:27,36.4141,64.9053,74.34,23,89,2.57
440,Wasilla,US,2022-04-05 19:27:08,61.5814,-149.4394,33.06,91,100,10.36
441,Islamkot,PK,2022-04-05 19:27:27,24.6997,70.177,80.64,36,82,11.39
442,Sao Joao Da Barra,BR,2022-04-05 19:27:27,-21.6403,-41.0511,86.09,78,55,5.61
443,Puerto Leguizamo,CO,2022-04-05 19:27:28,-0.1934,-74.7819,84.58,75,66,3.4
444,Rocha,UY,2022-04-05 19:27:28,-34.4833,-54.3333,77.13,21,0,2.53
445,Gangapur,IN,2022-04-05 19:27:28,26.4833,76.7167,83.73,7,25,6.55
446,Kaoma,ZM,2022-04-05 19:27:29,-14.7833,24.8,66.06,95,100,3.91
447,Geraldton,AU,2022-04-05 19:27:29,-28.7667,114.6,64.81,72,14,9.22
448,Tura,IN,2022-04-05 19:27:29,25.5198,90.2201,72.79,82,7,6.38
449,Cao Bang,VN,2022-04-05 19:27:30,22.6667,106.25,65.1,75,9,1.99
450,Poum,NC,2022-04-05 19:27:30,-20.2333,164.0167,77.31,94,100,46.44
451,Kuito,AO,2022-04-05 19:27:30,-12.3833,16.9333,61.48,90,100,1.74
452,Myra,IT,2022-04-05 19:27:30,45.4358,12.1348,53.15,79,0,5.75
453,Popondetta,PG,2022-04-05 19:27:31,-8.7537,148.2534,72.57,95,93,3.02
454,Gorodovikovsk,RU,2022-04-05 19:27:31,46.0878,41.9335,39.65,90,6,6.26
455,Whitehorse,CA,2022-04-05 19:25:27,60.7161,-135.0538,36.1,53,75,15.01
456,Codajas,BR,2022-04-05 19:27:31,-3.8367,-62.0569,83.41,83,65,2.37
457,Alyangula,AU,2022-04-05 19:27:32,-13.8483,136.4192,73.27,100,1,2.3
458,Calimete,CU,2022-04-05 19:27:32,22.5333,-80.9061,93.58,39,5,16.08
459,Marsh Harbour,BS,2022-04-05 19:27:32,26.5412,-77.0636,77.56,75,78,15.86
460,Katherine,AU,2022-04-05 19:27:21,-14.4667,132.2667,80.92,74,40,8.05
461,Ziro,IN,2022-04-05 19:27:33,27.6333,93.8333,51.01,98,100,1.25
462,Mweka,CD,2022-04-05 19:27:33,-4.85,21.5667,75.42,73,59,1.61
463,Shellbrook,CA,2022-04-05 19:27:33,53.2168,-106.4011,36.63,93,100,13.8
464,Maymyo,MM,2022-04-05 19:28:34,22.0333,96.4667,71.73,53,63,2.01
465,Fort Nelson,CA,2022-04-05 19:27:48,58.8053,-122.7002,36.99,52,20,3.44
466,Souillac,MU,2022-04-05 19:28:34,-20.5167,57.5167,77.38,100,75,11.5
467,Pavino,RU,2022-04-05 19:28:34,59.1139,46.1414,26.47,91,24,7.18
468,Saint-Augustin,CA,2022-04-05 19:28:35,51.226,-58.6502,33.67,99,100,14.45
469,Umm Lajj,SA,2022-04-05 19:28:35,25.0213,37.2685,82.36,40,6,7.16
470,Altay,CN,2022-04-05 19:28:35,47.8667,88.1167,42.89,45,3,9.42
471,Uray,RU,2022-04-05 19:24:54,60.1247,64.7758,31.59,92,95,12.17
472,Sungaipenuh,ID,2022-04-05 19:28:36,-2.0833,101.3833,65.32,98,100,1.05
473,Albertville,US,2022-04-05 19:28:36,34.2676,-86.2089,64.35,76,100,5.75
474,Port Hardy,CA,2022-04-05 19:28:36,50.6996,-127.4199,46.4,70,40,9.22
475,Namibe,AO,2022-04-05 19:28:36,-15.1961,12.1522,70.57,80,4,8.03
476,Mingshui,CN,2022-04-05 19:28:37,36.7167,117.5,51.06,74,0,5.44
477,Beringovskiy,RU,2022-04-05 19:28:37,63.05,179.3167,-10.61,92,19,5.93
478,Sao Gabriel Da Cachoeira,BR,2022-04-05 19:28:37,-0.1303,-67.0892,76.42,96,100,2.24
479,Shahr-E Kord,IR,2022-04-05 19:28:38,32.3256,50.8644,49.77,20,0,4.61
480,Kasongo-Lunda,CD,2022-04-05 19:28:38,-6.4667,16.8167,71.83,98,100,0.78
481,Rottingdean,GB,2022-04-05 19:28:38,50.8098,-0.0594,53.29,64,75,16.11
482,Gilgit,PK,2022-04-05 19:28:39,35.9221,74.3087,61.05,44,5,3.76
483,Tazovskiy,RU,2022-04-05 19:28:39,67.4667,78.7,33.13,99,100,19.1
484,Chadiza,ZM,2022-04-05 19:28:39,-14.0678,32.4392,66.96,94,100,2.04
485,Inhambane,MZ,2022-04-05 19:28:40,-23.865,35.3833,80.58,83,40,11.5
486,Katsuura,JP,2022-04-05 19:26:59,35.1333,140.3,56.59,82,100,2.17
487,Mehran,IR,2022-04-05 19:28:40,33.1222,46.1646,77.13,20,75,7.43
488,Soe,ID,2022-04-05 19:28:40,-9.8607,124.284,64.11,93,80,2.98
489,Opuwo,NA,2022-04-05 19:28:41,-18.0607,13.84,71.4,34,0,1.05
490,Ilam,NP,2022-04-05 19:28:41,26.9167,87.9167,65.88,73,6,5.06
491,Naze,JP,2022-04-05 19:28:41,28.3667,129.4833,49.12,65,83,0.6
492,Rabupura,IN,2022-04-05 19:28:41,28.25,77.6,80.82,8,100,3.18
493,Cubara,CO,2022-04-05 19:28:42,7.0008,-72.1085,88.63,54,72,1.12
494,Verkhnevilyuysk,RU,2022-04-05 19:28:42,63.4453,120.3167,-12.41,100,100,3.33
495,Oussouye,SN,2022-04-05 19:28:42,12.485,-16.5469,82.58,59,1,16.64
496,Watertown,US,2022-04-05 19:28:07,42.3709,-71.1828,64.18,32,100,11.5
497,Akdepe,TM,2022-04-05 19:28:43,42.0551,59.3788,62.69,47,100,13.82
498,Arlit,NE,2022-04-05 19:28:43,18.7369,7.3853,93.94,5,36,11.97
499,La Ronge,CA,2022-04-05 19:28:43,55.1001,-105.2842,44.85,45,40,18.41
500,Valparaiso,CL,2022-04-05 19:28:44,-33.0393,-71.6273,66.43,59,0,11.5
501,Kokstad,ZA,2022-04-05 19:28:44,-30.5472,29.4241,55.72,48,0,4.36
502,Rawlins,US,2022-04-05 19:23:44,41.7911,-107.2387,37.29,23,100,44.87
503,Troitskoye,RU,2022-04-05 19:28:44,52.9821,84.6757,43.11,84,100,7.49
504,Comodoro Rivadavia,AR,2022-04-05 19:28:45,-45.8667,-67.5,57.06,88,75,13.8
505,Tenabo,MX,2022-04-05 19:28:45,20.05,-90.2333,100.4,21,5,5.59
506,Basqal,AZ,2022-04-05 19:28:45,40.7552,48.391,45.59,60,53,3.31
507,Sibolga,ID,2022-04-05 19:28:46,1.7427,98.7792,76.28,88,97,3.47
508,Victoria Point,AU,2022-04-05 19:28:46,-27.5833,153.3,70.45,94,63,8.37
509,Tiarei,PF,2022-04-05 19:28:46,-17.5333,-149.3333,86.02,79,18,24.96
510,Sibut,CF,2022-04-05 19:28:47,5.718,19.0739,71.73,90,100,6.91
511,Dingli,MT,2022-04-05 19:29:47,35.8614,14.3822,55.81,88,0,5.75
512,Kashi,CN,2022-04-05 19:29:47,39.4547,75.9797,63.61,22,0,8.95
513,Apac,UG,2022-04-05 19:29:47,1.9756,32.5386,75.72,52,57,3.13
514,Nassjo,SE,2022-04-05 19:29:48,57.6531,14.6968,31.12,76,50,4.72
515,Caravelas,BR,2022-04-05 19:25:56,-17.7125,-39.2481,82.67,65,4,7.56
516,Isangel,VU,2022-04-05 19:29:48,-19.55,169.2667,78.96,84,100,6.82
517,Hammerfest,NO,2022-04-05 19:27:49,70.6634,23.6821,28.85,80,75,32.21
518,Mount Gambier,AU,2022-04-05 19:29:49,-37.8333,140.7667,57.11,94,75,10.36
519,Kaka,TM,2022-04-05 19:29:49,37.3482,59.6143,64.4,50,100,4.05
520,Erzin,TR,2022-04-05 19:29:49,36.9559,36.2,63.97,39,40,3.33
521,Balykshi,KZ,2022-04-05 19:29:43,47.0667,51.8667,44.6,87,75,8.95
522,Aykhal,RU,2022-04-05 19:29:50,66.0,111.5,-9.6,100,100,4.34
523,Almeirim,BR,2022-04-05 19:29:50,-1.5233,-52.5817,81.03,81,99,3.38
524,Hunterville,NZ,2022-04-05 19:29:50,-39.9333,175.5667,62.69,89,66,10.31
525,Innisfail,AU,2022-04-05 19:29:51,-17.5333,146.0333,73.45,83,42,4.63
526,Nemuro,JP,2022-04-05 19:29:51,43.3236,145.575,38.14,94,100,17.43
527,Bangangte,CM,2022-04-05 19:29:51,5.1409,10.5198,63.23,87,100,2.66
528,Freeport,US,2022-04-05 19:25:32,40.6576,-73.5832,56.97,51,100,10.36
529,Dudinka,RU,2022-04-05 19:29:52,69.4058,86.1778,19.53,79,94,15.1
530,Sao Filipe,CV,2022-04-05 19:29:52,14.8961,-24.4956,71.01,73,3,13.53
531,Bismarck,US,2022-04-05 19:26:47,46.8083,-100.7837,47.26,71,100,18.41
532,Turukhansk,RU,2022-04-05 19:29:52,65.8167,87.9833,32.52,84,100,18.16
533,Kintampo,GH,2022-04-05 19:29:53,8.0563,-1.7306,89.44,40,100,5.12
534,Saint-Joseph,RE,2022-04-05 19:29:53,-21.3667,55.6167,77.38,86,50,8.46
535,Crestview,US,2022-04-05 19:29:53,30.7621,-86.5705,63.73,63,100,20.33
536,Clyde River,CA,2022-04-05 19:29:54,70.4692,-68.5914,8.83,78,20,3.44
537,Puerto Princesa,PH,2022-04-05 19:29:54,9.7392,118.7353,79.09,85,100,7.4
538,Korla,CN,2022-04-05 19:29:54,41.7597,86.1469,61.39,24,2,3.51
539,La Poza,MX,2022-04-05 19:29:55,20.1167,-96.9667,103.68,23,38,8.81
540,Javanrud,IR,2022-04-05 19:29:55,34.7961,46.5172,54.07,47,22,3.18
541,Mandalgovi,MN,2022-04-05 19:29:55,45.7625,106.2708,37.47,51,15,6.55
542,Verkhoyansk,RU,2022-04-05 19:29:56,67.5447,133.385,-19.77,100,97,0.89
543,Priargunsk,RU,2022-04-05 19:29:56,50.3691,119.1012,17.83,40,1,7.49
544,Hambantota,LK,2022-04-05 19:29:56,6.1241,81.1185,77.81,84,40,4.97
545,Sydney,AU,2022-04-05 19:25:43,-33.8679,151.2073,67.1,91,75,11.5
546,Victoria,HK,2022-04-05 19:25:36,22.2855,114.1577,70.18,77,26,1.01
547,Kieta,PG,2022-04-05 19:29:41,-6.2167,155.6333,78.71,87,100,2.19
548,Minab,IR,2022-04-05 19:27:18,27.1467,57.0801,79.75,53,0,4.0
549,Dingle,PH,2022-04-05 19:27:31,10.9995,122.6711,75.16,92,100,7.23
550,Puerto Montt,CL,2022-04-05 19:29:58,-41.4698,-72.9447,59.83,100,100,1.14
551,Nisia Floresta,BR,2022-04-05 19:29:59,-6.0911,-35.2086,85.01,75,100,11.16
552,Abengourou,CI,2022-04-05 19:27:58,6.7297,-3.4964,84.92,60,100,6.62
553,Kuzhener,RU,2022-04-05 19:29:59,56.8111,48.9128,26.22,96,32,9.48
554,Inuvik,CA,2022-04-05 19:29:59,68.3499,-133.7218,-3.14,54,40,3.44
555,Olafsvik,IS,2022-04-05 19:30:00,64.8945,-23.7142,28.6,65,88,33.13
556,Tual,ID,2022-04-05 19:31:00,-5.6667,132.75,82.2,68,100,7.36
557,Fort Collins,US,2022-04-05 19:29:00,40.5853,-105.0844,57.04,32,0,28.77
558,Myrtle Beach,US,2022-04-05 19:28:39,33.6891,-78.8867,75.27,73,40,11.5
559,Kadambur,IN,2022-04-05 19:31:00,8.9833,77.8667,81.0,68,53,4.61
560,Casimiro Castillo,MX,2022-04-05 19:31:01,19.6,-104.4333,94.98,16,80,8.3
561,Asau,RO,2022-04-05 19:31:01,46.4333,26.4,47.32,69,100,5.68
562,Ahuimanu,US,2022-04-05 19:31:01,21.4447,-157.8378,80.31,71,75,12.66
563,Mehamn,NO,2022-04-05 19:31:02,71.0357,27.8492,30.15,74,75,19.57
564,Walvis Bay,NA,2022-04-05 19:31:02,-22.9575,14.5053,61.75,82,0,3.44
565,Antalaha,MG,2022-04-05 19:31:02,-14.9003,50.2788,75.49,93,100,5.41
566,Irpa Irpa,BO,2022-04-05 19:31:03,-17.7167,-66.2667,82.4,37,78,5.3
567,Neepawa,CA,2022-04-05 19:27:09,50.2289,-99.4664,36.0,98,100,10.85
568,Tarnow,PL,2022-04-05 19:31:03,50.0138,20.987,44.53,87,100,10.42
569,Kilembe,UG,2022-04-05 19:31:03,0.2,30.0,65.07,74,63,4.09
570,Viamao,BR,2022-04-05 19:31:04,-30.0811,-51.0233,75.67,72,40,9.22
571,Saint-Denis,FR,2022-04-05 19:31:04,48.9167,2.3333,54.37,79,100,10.36
572,Guanica,PR,2022-04-05 19:31:04,17.9716,-66.908,84.13,71,47,15.93
573,Asbury Park,US,2022-04-05 19:31:05,40.2204,-74.0121,54.28,72,100,6.91
574,Meulaboh,ID,2022-04-05 19:31:05,4.1363,96.1285,76.82,87,93,3.74
575,Aksum,ET,2022-04-05 19:31:05,14.1245,38.7244,68.47,24,0,15.19
576,Hargeysa,SO,2022-04-05 19:31:06,9.56,44.065,70.95,43,1,5.61
577,Touba,CI,2022-04-05 19:31:06,8.2833,-7.6833,83.82,47,80,2.06
578,Vila Franca Do Campo,PT,2022-04-05 19:31:06,37.7167,-25.4333,59.41,67,23,4.25
579,Aguimes,ES,2022-04-05 19:31:07,27.9054,-15.4461,61.66,55,75,16.11
580,Mackenzie,CA,2022-04-05 19:31:07,55.2999,-123.1698,37.62,70,75,6.91
