City_ID,City,Country,Date,Lat,Lng,Max Temp,Humidity,Cloudiness,Wind Speed,Current Description
0,Sao Joao Da Barra,BR,2022-04-11 15:45:16,-21.6403,-41.0511,84.29,67,10,9.33,clear sky
1,Saint Augustine,US,2022-04-11 15:49:25,29.8947,-81.3145,77.11,38,0,6.91,clear sky
2,Mahon,ES,2022-04-11 15:49:27,39.8885,4.2658,61.36,77,20,21.85,few clouds
3,Pisco,PE,2022-04-11 15:44:44,-13.7,-76.2167,73.45,60,0,14.97,clear sky
4,Hobart,AU,2022-04-11 15:47:38,-42.8794,147.3294,51.06,75,75,12.66,broken clouds
5,Saskylakh,RU,2022-04-11 15:49:28,71.9167,114.0833,-11.43,100,96,2.86,overcast clouds
6,Sitka,US,2022-04-11 15:48:39,57.0531,-135.33,35.49,41,40,25.32,scattered clouds
7,Hilo,US,2022-04-11 15:49:28,19.7297,-155.09,71.26,92,100,4.61,light rain
8,Ushuaia,AR,2022-04-11 15:46:05,-54.8,-68.3,44.22,87,75,19.57,broken clouds
9,Saint Pete Beach,US,2022-04-11 15:49:28,27.7253,-82.7412,79.09,55,0,8.05,clear sky
10,Busselton,AU,2022-04-11 15:49:29,-33.65,115.3333,58.51,80,5,10.67,clear sky
11,Burnie,AU,2022-04-11 15:49:29,-41.0667,145.9167,49.91,71,7,8.5,clear sky
12,Tasiilaq,GL,2022-04-11 15:49:29,65.6145,-37.6368,26.76,68,50,3.62,scattered clouds
13,Jamestown,US,2022-04-11 15:49:30,42.097,-79.2353,56.95,38,0,12.66,clear sky
14,Tautira,PF,2022-04-11 15:49:30,-17.7333,-149.15,80.04,77,24,13.15,light rain
15,Sembakung,ID,2022-04-11 15:49:30,3.8167,117.25,74.5,98,30,1.14,heavy intensity rain
16,East London,ZA,2022-04-11 15:49:31,-33.0153,27.9116,68.94,88,20,12.66,few clouds
17,Lorengau,PG,2022-04-11 15:49:31,-2.0226,147.2712,82.11,77,14,10.8,few clouds
18,Poum,NC,2022-04-11 15:49:31,-20.2333,164.0167,78.78,76,8,9.46,clear sky
19,Anloga,GH,2022-04-11 15:49:32,5.7947,0.8973,85.39,76,85,14.27,overcast clouds
20,Murdochville,CA,2022-04-11 15:49:32,48.9583,-65.5006,34.68,77,82,15.79,broken clouds
21,Torbay,CA,2022-04-11 15:49:32,47.6666,-52.7314,36.88,95,100,13.8,mist
22,Bilibino,RU,2022-04-11 15:49:33,68.0546,166.4372,-23.87,100,99,3.69,overcast clouds
23,Yulara,AU,2022-04-11 15:49:33,-25.2406,130.9889,69.64,23,12,5.75,few clouds
24,Sandviken,SE,2022-04-11 15:49:34,60.6167,16.7667,39.49,78,57,10.89,broken clouds
25,Ahipara,NZ,2022-04-11 15:49:34,-35.1667,173.1667,63.27,90,100,7.63,light rain
26,Tvoroyri,FO,2022-04-11 15:49:34,61.5556,-6.8111,41.67,74,100,27.85,overcast clouds
27,Muncar,ID,2022-04-11 15:49:35,-8.4333,114.3333,75.54,82,84,0.69,broken clouds
28,Adre,TD,2022-04-11 15:49:35,13.4667,22.2,96.44,8,15,3.8,few clouds
29,Avarua,CK,2022-04-11 15:49:35,-21.2078,-159.775,75.25,100,20,3.44,few clouds
30,Vanimo,PG,2022-04-11 15:49:35,-2.6741,141.3028,78.28,90,23,7.83,few clouds
31,Kodinar,IN,2022-04-11 15:49:36,20.7903,70.7031,82.04,69,100,12.62,overcast clouds
32,Khani,GE,2022-04-11 15:49:36,41.9563,42.9566,71.17,66,6,9.46,clear sky
33,Castro,BR,2022-04-11 15:49:36,-24.7911,-50.0119,77.81,56,54,8.32,light rain
34,Bambous Virieux,MU,2022-04-11 15:49:37,-20.3428,57.7575,77.25,83,75,12.66,light rain
35,Bengkulu,ID,2022-04-11 15:49:37,-3.8004,102.2655,77.27,84,14,3.85,few clouds
36,Albany,US,2022-04-11 15:45:32,42.6001,-73.9662,51.03,45,2,1.01,clear sky
37,Mar Del Plata,AR,2022-04-11 15:46:53,-38.0023,-57.5575,66.22,100,75,8.05,broken clouds
38,Barrow,US,2022-04-11 15:45:02,71.2906,-156.7887,21.22,86,100,9.22,overcast clouds
39,Dikson,RU,2022-04-11 15:49:38,73.5069,80.5464,2.66,89,92,10.4,overcast clouds
40,Boden,SE,2022-04-11 15:49:38,65.8252,21.6886,42.8,97,100,4.38,overcast clouds
41,Bethel,US,2022-04-11 15:49:38,41.3712,-73.414,56.46,46,0,3.0,clear sky
42,Punta Arenas,CL,2022-04-11 15:44:53,-53.15,-70.9167,46.51,87,75,16.11,broken clouds
43,Iqaluit,CA,2022-04-11 15:49:39,63.7506,-68.5145,17.33,72,20,15.01,few clouds
44,Atuona,PF,2022-04-11 15:50:39,-9.8,-139.0333,79.0,78,24,17.31,few clouds
45,Vrangel,RU,2022-04-11 15:50:39,42.7297,133.0839,40.51,90,100,3.56,overcast clouds
46,Souillac,MU,2022-04-11 15:50:40,-20.5167,57.5167,77.38,83,75,12.66,light rain
47,Santa Cruz,BO,2022-04-11 15:50:40,-17.8,-63.1667,85.46,66,75,25.32,broken clouds
48,Kapaa,US,2022-04-11 15:50:40,22.0752,-159.319,72.19,96,75,10.36,broken clouds
49,Cape Town,ZA,2022-04-11 15:46:00,-33.9258,18.4232,79.21,46,0,12.66,clear sky
50,Katsuura,JP,2022-04-11 15:50:41,35.1333,140.3,61.95,88,100,12.84,overcast clouds
51,Mahebourg,MU,2022-04-11 15:50:41,-20.4081,57.7,77.29,83,75,12.66,broken clouds
52,Kobryn,BY,2022-04-11 15:50:41,52.2138,24.3564,44.42,55,94,10.27,overcast clouds
53,Dakar,SN,2022-04-11 15:47:34,14.6937,-17.4441,79.68,73,20,19.57,few clouds
54,Qaanaaq,GL,2022-04-11 15:50:42,77.484,-69.3632,-1.35,73,59,3.76,broken clouds
55,Tura,IN,2022-04-11 15:50:42,25.5198,90.2201,71.83,84,0,6.2,clear sky
56,Rantepao,ID,2022-04-11 15:50:42,-2.9701,119.8978,66.13,98,78,2.19,broken clouds
57,Miles City,US,2022-04-11 15:50:43,46.4083,-105.8406,31.17,86,0,6.91,clear sky
58,Fomboni,KM,2022-04-11 15:50:43,-12.28,43.7425,83.79,76,17,15.46,light rain
59,Upernavik,GL,2022-04-11 15:50:43,72.7868,-56.1549,15.06,91,100,7.0,overcast clouds
60,Puerto Ayora,EC,2022-04-11 15:50:44,-0.7393,-90.3518,84.16,92,91,8.01,overcast clouds
61,Kahului,US,2022-04-11 15:50:44,20.8947,-156.47,73.85,81,75,9.22,broken clouds
62,Nawa,IN,2022-04-11 15:50:44,27.0167,75.0,89.96,12,100,13.24,overcast clouds
63,Christchurch,NZ,2022-04-11 15:50:44,-43.5333,172.6333,64.6,73,75,6.91,broken clouds
64,Vaini,TO,2022-04-11 15:50:45,-21.2,-175.2,77.16,94,100,6.91,light rain
65,Kavieng,PG,2022-04-11 15:50:45,-2.5744,150.7967,82.15,76,11,12.46,few clouds
66,Kirkwall,GB,2022-04-11 15:50:45,58.9848,-2.9587,44.65,81,20,20.71,few clouds
67,Phibun Mangsahan,TH,2022-04-11 15:50:46,15.2447,105.2291,90.1,41,76,0.56,broken clouds
68,Soyo,AO,2022-04-11 15:50:46,-6.1349,12.3689,78.73,84,99,9.69,moderate rain
69,Mwanza,TZ,2022-04-11 15:50:46,-2.5167,32.9,82.45,51,20,0.0,few clouds
70,Billings,US,2022-04-11 15:49:43,45.7833,-108.5007,34.29,86,100,5.75,overcast clouds
71,Rikitea,PF,2022-04-11 15:50:47,-23.1203,-134.9692,79.05,72,2,18.75,clear sky
72,Mataura,NZ,2022-04-11 15:50:47,-46.1927,168.8643,49.48,99,100,1.41,light rain
73,Victoria,HK,2022-04-11 15:46:09,22.2855,114.1577,79.18,80,0,5.01,clear sky
74,Huntington,US,2022-04-11 15:49:17,38.4193,-82.4452,70.7,37,100,8.05,overcast clouds
75,Kayes,ML,2022-04-11 15:50:48,14.0,-11.0,106.52,7,17,1.23,few clouds
76,Ponta Do Sol,PT,2022-04-11 15:50:48,32.6667,-17.1,67.01,64,100,14.83,overcast clouds
77,Florianopolis,BR,2022-04-11 15:50:48,-27.6146,-48.5012,74.7,90,75,10.36,heavy intensity rain
78,Urumqi,CN,2022-04-11 15:50:49,43.801,87.6005,52.75,19,0,4.47,clear sky
79,Ossora,RU,2022-04-11 15:50:49,59.2353,163.0719,18.97,93,100,8.08,overcast clouds
80,Vardo,NO,2022-04-11 15:50:50,70.3705,31.1107,37.38,81,75,11.5,broken clouds
81,Lompoc,US,2022-04-11 15:48:11,34.6391,-120.4579,59.77,87,40,20.71,scattered clouds
82,Mamallapuram,IN,2022-04-11 15:50:50,12.6264,80.1722,86.05,79,94,8.84,overcast clouds
83,Barcelona,ES,2022-04-11 15:46:00,41.3888,2.159,69.15,72,40,18.41,scattered clouds
84,Hithadhoo,MV,2022-04-11 15:50:50,-0.6,73.0833,84.42,66,24,12.35,few clouds
85,Ilulissat,GL,2022-04-11 15:50:51,69.2167,-51.1,27.23,63,100,0.34,overcast clouds
86,Luderitz,NA,2022-04-11 15:50:51,-26.6481,15.1594,73.42,53,4,3.47,clear sky
87,Cidreira,BR,2022-04-11 15:50:51,-30.1811,-50.2056,69.39,90,100,14.5,light rain
88,Butaritari,KI,2022-04-11 15:51:52,3.0707,172.7902,79.83,79,72,6.2,broken clouds
89,Cabedelo,BR,2022-04-11 15:51:52,-6.9811,-34.8339,86.67,60,100,9.82,overcast clouds
90,Georgetown,MY,2022-04-11 15:50:43,5.4112,100.3354,82.33,83,20,2.3,few clouds
91,Port Alfred,ZA,2022-04-11 15:51:52,-33.5906,26.891,70.18,79,100,5.99,overcast clouds
92,Akdepe,TM,2022-04-11 15:51:53,42.0551,59.3788,73.49,39,67,9.73,broken clouds
93,Kiambu,KE,2022-04-11 15:51:53,-1.1667,36.8333,69.67,42,99,10.4,overcast clouds
94,Karratha,AU,2022-04-11 15:51:53,-20.7377,116.8463,83.08,27,2,12.53,clear sky
95,Vila Velha,BR,2022-04-11 15:51:54,-20.3297,-40.2925,85.95,78,40,16.11,scattered clouds
96,Mehamn,NO,2022-04-11 15:51:54,71.0357,27.8492,35.55,87,75,5.75,broken clouds
97,College,US,2022-04-11 15:51:54,64.8569,-147.8028,25.81,82,40,0.0,scattered clouds
98,Raudeberg,NO,2022-04-11 15:51:33,61.9875,5.1352,42.87,61,97,6.11,overcast clouds
99,Boa Vista,BR,2022-04-11 15:49:21,2.8197,-60.6733,87.78,55,40,17.27,scattered clouds
100,Saint-Philippe,RE,2022-04-11 15:51:55,-21.3585,55.7679,76.59,83,74,18.1,light rain
101,Bridlington,GB,2022-04-11 15:51:55,54.0831,-0.1919,52.9,85,100,20.0,overcast clouds
102,Leeton,AU,2022-04-11 15:51:56,-34.5667,146.4,57.11,76,16,1.14,few clouds
103,Goderich,CA,2022-04-11 15:49:05,43.7501,-81.7165,50.92,66,100,20.71,overcast clouds
104,Ambatondrazaka,MG,2022-04-11 15:51:56,-17.8333,48.4167,66.42,78,40,10.76,scattered clouds
105,Betanzos,ES,2022-04-11 15:51:56,43.2804,-8.2147,61.72,74,75,10.36,broken clouds
106,Baykit,RU,2022-04-11 15:51:57,61.67,96.37,12.74,95,63,3.83,broken clouds
107,Buraydah,SA,2022-04-11 15:51:57,26.326,43.975,99.05,8,94,11.21,overcast clouds
108,Porto Santo,PT,2022-04-11 15:51:57,33.072,-16.3415,66.58,63,40,16.11,scattered clouds
109,Talara,PE,2022-04-11 15:51:58,-4.5772,-81.2719,79.56,61,0,18.41,clear sky
110,Aksu,CN,2022-04-11 15:51:58,41.1231,80.2644,68.23,22,100,9.26,overcast clouds
111,Chokurdakh,RU,2022-04-11 15:51:58,70.6333,147.9167,-2.65,95,100,7.9,overcast clouds
112,Kailua,US,2022-04-11 15:51:22,21.4022,-157.7394,74.48,83,64,3.0,broken clouds
113,Dandong,CN,2022-04-11 15:51:59,40.1292,124.3947,55.9,92,100,3.74,overcast clouds
114,Tecoanapa,MX,2022-04-11 15:51:59,16.5167,-98.75,84.96,56,69,7.14,broken clouds
115,Baisha,CN,2022-04-11 15:51:59,26.5222,110.9311,72.3,67,0,4.63,clear sky
116,Orocue,CO,2022-04-11 15:52:00,4.7912,-71.3354,89.96,53,100,6.22,moderate rain
117,Tuktoyaktuk,CA,2022-04-11 15:52:00,69.4541,-133.0374,-13.0,77,20,9.22,few clouds
118,Muros,ES,2022-04-11 15:52:00,42.7762,-9.0603,60.15,86,100,16.28,overcast clouds
119,Bluff,NZ,2022-04-11 15:52:00,-46.6,168.3333,49.8,86,100,3.04,light rain
120,Hermanus,ZA,2022-04-11 15:52:01,-34.4187,19.2345,78.8,62,0,2.19,clear sky
121,Abu Dhabi,AE,2022-04-11 15:48:05,24.4667,54.3667,84.22,66,0,4.61,clear sky
122,Saint Anthony,US,2022-04-11 15:51:32,45.0205,-93.218,51.93,58,0,16.11,clear sky
123,Fortuna,US,2022-04-11 15:52:02,40.5982,-124.1573,46.65,80,20,21.85,few clouds
124,Chuy,UY,2022-04-11 15:52:02,-33.6971,-53.4616,75.36,70,98,10.76,overcast clouds
125,Leopold,AU,2022-04-11 15:52:02,-38.1833,144.4667,59.09,71,100,6.91,overcast clouds
126,Yenisehir,TR,2022-04-11 15:48:20,40.2644,29.6531,44.65,81,75,13.8,light rain
127,Canto Do Buriti,BR,2022-04-11 15:52:03,-8.11,-42.9444,92.91,44,21,2.84,light rain
128,Carnarvon,AU,2022-04-11 15:52:03,-24.8667,113.6333,68.07,64,43,11.5,scattered clouds
129,Hobbs,US,2022-04-11 15:52:04,32.7026,-103.136,62.69,27,0,9.22,clear sky
130,Mount Isa,AU,2022-04-11 15:49:00,-20.7333,139.5,82.17,28,11,4.61,light rain
131,Kalmunai,LK,2022-04-11 15:52:04,7.4167,81.8167,80.73,80,97,4.65,overcast clouds
132,Bergen,NO,2022-04-11 15:52:04,60.392,5.328,45.01,55,40,11.5,scattered clouds
133,Ardatov,RU,2022-04-11 15:52:05,55.2421,43.097,56.17,77,100,9.64,overcast clouds
134,Isangel,VU,2022-04-11 15:53:05,-19.55,169.2667,78.93,79,15,6.87,few clouds
135,Ust-Kuyga,RU,2022-04-11 15:53:06,70.0167,135.6,-3.23,99,100,2.21,overcast clouds
136,Tiksi,RU,2022-04-11 15:53:06,71.6872,128.8694,-11.63,99,53,8.46,broken clouds
137,Ondangwa,NA,2022-04-11 15:53:06,-17.9167,15.95,84.56,36,99,8.57,overcast clouds
138,Geraldton,AU,2022-04-11 15:53:07,-28.7667,114.6,59.41,88,75,4.61,broken clouds
139,Yellowknife,CA,2022-04-11 15:53:07,62.456,-114.3525,10.92,67,100,16.11,light snow
140,Dalvik,IS,2022-04-11 15:53:07,65.9702,-18.5286,33.73,89,96,6.67,light snow
141,Yinchuan,CN,2022-04-11 15:53:08,38.4681,106.2731,50.79,17,99,7.2,overcast clouds
142,Saint-Pierre,RE,2022-04-11 15:53:08,-21.3393,55.4781,76.68,75,59,23.02,broken clouds
143,Thompson,CA,2022-04-11 15:52:36,55.7435,-97.8558,26.76,80,75,5.75,broken clouds
144,Saint George,US,2022-04-11 15:53:08,37.1041,-113.5841,58.42,17,0,3.44,clear sky
145,Altoona,US,2022-04-11 15:52:24,40.5187,-78.3947,58.24,56,94,4.0,overcast clouds
146,Boyolangu,ID,2022-04-11 15:53:09,-8.1181,111.8935,75.9,87,27,0.54,scattered clouds
147,Laguna,US,2022-04-11 15:53:09,38.421,-121.4238,53.06,85,100,16.11,mist
148,Hualmay,PE,2022-04-11 15:53:10,-11.0964,-77.6139,72.05,76,88,9.44,overcast clouds
149,Aklavik,CA,2022-04-11 15:53:10,68.2191,-135.0107,-3.41,96,39,3.58,scattered clouds
150,Rucar,RO,2022-04-11 15:53:10,45.4,25.1667,43.45,69,77,6.64,broken clouds
151,Saldanha,ZA,2022-04-11 15:53:11,-33.0117,17.9442,80.65,60,0,10.4,clear sky
152,Prince Albert,CA,2022-04-11 15:53:11,53.2001,-105.7677,17.55,67,100,16.11,overcast clouds
153,Anadyr,RU,2022-04-11 15:53:11,64.75,177.4833,14.5,92,100,8.95,overcast clouds
154,Pevek,RU,2022-04-11 15:53:12,69.7008,170.3133,-25.49,100,66,7.99,broken clouds
155,Caloundra,AU,2022-04-11 15:53:12,-26.8,153.1333,68.0,98,24,6.42,few clouds
156,Kijang,KR,2022-04-11 15:53:12,35.2442,129.2139,62.98,90,99,7.67,overcast clouds
157,Kisiwani,TZ,2022-04-11 15:53:13,-4.1333,37.95,80.01,56,97,9.71,overcast clouds
158,Sharjah,AE,2022-04-11 15:53:13,25.3573,55.4033,84.49,45,0,11.5,clear sky
159,Rudnogorsk,RU,2022-04-11 15:53:13,57.2639,103.7519,24.19,96,100,2.51,overcast clouds
160,Tiznit,MA,2022-04-11 15:53:14,29.5833,-9.5,66.11,52,69,9.82,broken clouds
161,Vostok,RU,2022-04-11 15:53:14,46.4856,135.8833,35.19,100,100,2.15,light snow
162,Severo-Kurilsk,RU,2022-04-11 15:53:14,50.6789,156.125,26.37,79,32,9.15,scattered clouds
163,Meadow Lake,US,2022-04-11 15:53:15,34.8014,-106.5436,62.62,35,3,14.79,clear sky
164,Mahajanga,MG,2022-04-11 15:53:15,-15.7167,46.3167,84.22,65,20,4.61,few clouds
165,San Patricio,US,2022-04-11 15:53:16,28.017,-97.5169,78.89,68,99,17.76,overcast clouds
166,Acajutla,SV,2022-04-11 15:53:16,13.5928,-89.8275,87.84,50,59,6.6,broken clouds
167,Bubaque,GW,2022-04-11 15:53:16,11.2833,-15.8333,77.23,68,11,13.82,few clouds
168,San Juan,AR,2022-04-11 15:48:27,-31.5375,-68.5364,64.04,34,0,6.69,clear sky
169,Ust-Kan,RU,2022-04-11 15:53:17,50.9276,84.761,24.98,76,4,1.36,clear sky
170,Kutum,SD,2022-04-11 15:53:17,14.2,24.6667,91.06,7,9,9.86,clear sky
171,Newport,GB,2022-04-11 15:49:18,51.5877,-2.9984,59.68,59,100,12.59,overcast clouds
172,Henties Bay,NA,2022-04-11 15:53:17,-22.116,14.2845,67.42,69,1,9.69,clear sky
173,Komsomolskiy,UZ,2022-04-11 15:53:18,40.4272,71.7189,74.12,38,91,6.91,overcast clouds
174,Port Hedland,AU,2022-04-11 15:53:18,-20.3167,118.5667,78.85,78,48,6.91,scattered clouds
175,Makakilo City,US,2022-04-11 15:51:28,21.3469,-158.0858,73.0,76,0,5.75,clear sky
176,Nargana,PA,2022-04-11 15:53:19,9.4428,-78.5906,81.45,78,100,17.78,overcast clouds
177,Sinnamary,GF,2022-04-11 15:53:19,5.3833,-52.95,80.35,83,93,13.0,overcast clouds
178,Khash,IR,2022-04-11 15:53:19,28.2211,61.2158,76.14,10,14,4.68,few clouds
179,Macenta,GN,2022-04-11 15:54:20,8.5435,-9.471,89.6,42,51,7.58,light rain
180,San Rafael,AR,2022-04-11 15:54:20,-34.6177,-68.3301,62.96,31,0,6.24,clear sky
181,Kuchera,IN,2022-04-11 15:54:20,26.9839,73.9719,90.97,12,100,9.98,overcast clouds
182,Mokhotlong,LS,2022-04-11 15:54:21,-29.2894,29.0675,43.39,92,80,0.83,broken clouds
183,Pacific Grove,US,2022-04-11 15:54:21,36.6177,-121.9166,50.67,88,80,5.99,light rain
184,Los Llanos De Aridane,ES,2022-04-11 15:54:22,28.6585,-17.9182,65.95,73,100,5.75,overcast clouds
185,Malibu,US,2022-04-11 15:54:22,34.005,-118.8101,63.68,88,87,3.33,overcast clouds
186,Tanda,IN,2022-04-11 15:54:22,26.55,82.65,88.11,21,8,6.8,clear sky
187,Arraial Do Cabo,BR,2022-04-11 15:54:23,-22.9661,-42.0278,84.06,58,20,10.36,few clouds
188,Grand-Santi,GF,2022-04-11 15:54:23,4.25,-54.3833,82.09,80,97,3.76,overcast clouds
189,New Norfolk,AU,2022-04-11 15:54:23,-42.7826,147.0587,50.72,66,49,2.91,scattered clouds
190,Dingle,PH,2022-04-11 15:54:24,10.9995,122.6711,74.16,95,100,12.64,heavy intensity rain
191,Pangnirtung,CA,2022-04-11 15:54:24,66.1451,-65.7125,19.4,63,20,2.3,few clouds
192,Norman Wells,CA,2022-04-11 15:50:16,65.282,-126.8329,6.84,72,100,9.22,overcast clouds
193,Ribeira Grande,PT,2022-04-11 15:54:24,38.5167,-28.7,63.0,82,75,23.02,broken clouds
194,Palafrugell,ES,2022-04-11 15:54:25,41.9174,3.1631,62.35,52,91,3.0,overcast clouds
195,Tuatapere,NZ,2022-04-11 15:54:25,-46.1333,167.6833,50.88,93,100,7.61,light rain
196,Khatanga,RU,2022-04-11 15:54:25,71.9667,102.5,-12.3,100,92,1.39,overcast clouds
197,Dubbo,AU,2022-04-11 15:54:26,-32.25,148.6167,59.13,88,2,5.75,clear sky
198,Kuah,MY,2022-04-11 15:54:26,6.3265,99.8432,82.38,83,20,2.3,few clouds
199,Longyearbyen,SJ,2022-04-11 15:54:27,78.2186,15.6401,10.24,61,20,11.5,few clouds
200,Cabo San Lucas,MX,2022-04-11 15:54:27,22.8909,-109.9124,75.61,62,90,8.01,overcast clouds
201,Sibolga,ID,2022-04-11 15:54:27,1.7427,98.7792,76.32,87,100,2.62,overcast clouds
202,Hambantota,LK,2022-04-11 15:54:27,6.1241,81.1185,75.54,100,40,3.44,shower rain
203,Pauini,BR,2022-04-11 15:54:28,-7.7136,-66.9764,81.57,88,100,3.09,overcast clouds
204,Ipoti,NG,2022-04-11 15:54:28,7.8738,5.0769,74.53,83,77,8.84,heavy intensity rain
205,Harrisburg,US,2022-04-11 15:54:28,40.2737,-76.8844,56.3,51,0,9.22,clear sky
206,Kodiak,US,2022-04-11 15:54:29,57.79,-152.4072,35.46,54,38,5.21,scattered clouds
207,Mayo,US,2022-04-11 15:54:29,38.8876,-76.5119,58.17,49,0,9.22,clear sky
208,Zhigansk,RU,2022-04-11 15:54:29,66.7697,123.3711,1.58,97,75,8.5,broken clouds
209,Price,US,2022-04-11 15:54:30,39.5994,-110.8107,45.12,21,40,6.8,scattered clouds
210,Nanortalik,GL,2022-04-11 15:54:30,60.1432,-45.2371,35.2,58,92,7.16,overcast clouds
211,Lasa,IT,2022-04-11 15:53:57,46.6166,10.7002,57.69,69,44,2.75,scattered clouds
212,Sao Filipe,CV,2022-04-11 15:54:30,14.8961,-24.4956,71.71,72,66,11.7,broken clouds
213,Flinders,AU,2022-04-11 15:54:31,-34.5833,150.8552,64.18,88,100,5.99,overcast clouds
214,Esperance,AU,2022-04-11 15:54:31,-33.8667,121.9,62.44,93,100,11.12,overcast clouds
215,Ostrovnoy,RU,2022-04-11 15:54:31,68.0531,39.5131,35.31,87,56,28.45,broken clouds
216,Hollins,US,2022-04-11 15:54:32,37.3413,-79.9431,73.18,36,13,4.0,few clouds
217,Morondava,MG,2022-04-11 15:54:32,-20.2833,44.2833,83.19,73,38,7.4,scattered clouds
218,Ocos,GT,2022-04-11 15:54:32,14.5094,-92.1933,89.78,58,20,8.63,few clouds
219,Aldan,RU,2022-04-11 15:54:32,58.6031,125.3894,8.83,98,100,1.07,overcast clouds
220,Lebu,CL,2022-04-11 15:54:33,-37.6167,-73.65,55.65,61,45,6.04,scattered clouds
221,Konstantinovka,RU,2022-04-11 15:54:33,49.6167,127.9833,31.46,82,98,5.37,overcast clouds
222,Kolda,SN,2022-04-11 15:54:33,12.8833,-14.95,104.31,14,0,4.61,clear sky
223,Kostomuksha,RU,2022-04-11 15:54:34,64.571,30.5767,32.94,82,80,10.02,broken clouds
224,Bredasdorp,ZA,2022-04-11 15:54:34,-34.5322,20.0403,71.26,61,0,7.47,clear sky
225,Slonim,BY,2022-04-11 15:55:35,53.0867,25.3219,44.22,53,82,5.1,broken clouds
226,Bandar-E Lengeh,IR,2022-04-11 15:55:35,26.5579,54.8807,80.71,74,3,13.8,haze
227,Roald,NO,2022-04-11 15:55:35,62.5833,6.1333,41.32,70,75,9.22,broken clouds
228,Itabira,BR,2022-04-11 15:55:36,-19.6192,-43.2269,79.29,61,90,3.15,overcast clouds
229,Giddalur,IN,2022-04-11 15:55:36,15.35,78.9167,83.28,55,94,4.83,overcast clouds
230,Mitsamiouli,KM,2022-04-11 15:55:36,-11.3847,43.2844,83.03,77,37,9.73,light rain
231,Berdigestyakh,RU,2022-04-11 15:55:37,62.0989,126.6992,1.06,100,76,3.83,broken clouds
232,Port Elizabeth,ZA,2022-04-11 15:55:37,-33.918,25.5701,74.1,84,0,11.5,clear sky
233,Sargodha,PK,2022-04-11 15:55:37,32.0836,72.6711,90.68,9,100,6.08,overcast clouds
234,Narsaq,GL,2022-04-11 15:55:38,60.9167,-46.05,39.38,42,60,11.72,broken clouds
235,Bousso,TD,2022-04-11 15:55:38,10.4795,16.7117,99.52,25,77,4.34,broken clouds
236,Hami,CN,2022-04-11 15:55:38,42.8,93.45,55.67,13,31,8.21,scattered clouds
237,Haines Junction,CA,2022-04-11 15:55:39,60.7522,-137.5108,19.35,58,100,4.61,overcast clouds
238,Ovalle,CL,2022-04-11 15:55:39,-30.5983,-71.2003,70.99,42,0,4.16,clear sky
239,Sai Buri,TH,2022-04-11 15:55:39,6.7013,101.6168,78.17,84,59,3.04,broken clouds
240,Balagansk,RU,2022-04-11 15:55:40,54.0103,103.0544,27.63,80,100,8.43,overcast clouds
241,Kralendijk,BQ,2022-04-11 15:55:40,12.15,-68.2667,79.0,85,84,18.03,broken clouds
242,Codrington,AU,2022-04-11 15:55:40,-38.2667,141.9667,53.24,65,99,6.58,overcast clouds
243,Airai,TL,2022-04-11 15:55:40,-8.9266,125.4092,59.99,63,100,2.37,overcast clouds
244,Necochea,AR,2022-04-11 15:52:22,-38.5473,-58.7368,60.82,92,100,7.07,overcast clouds
245,Grindavik,IS,2022-04-11 15:55:41,63.8424,-22.4338,44.55,61,75,21.85,broken clouds
246,Lakes Entrance,AU,2022-04-11 15:55:41,-37.8811,147.981,52.16,78,76,7.47,broken clouds
247,Beira,MZ,2022-04-11 15:55:42,-19.8436,34.8389,78.89,89,40,4.61,scattered clouds
248,Mogok,MM,2022-04-11 15:55:42,22.9167,96.5,65.62,73,80,2.57,broken clouds
249,Bourges,FR,2022-04-11 15:55:42,47.25,2.4167,71.85,59,100,5.3,overcast clouds
250,Antofagasta,CL,2022-04-11 15:55:42,-23.65,-70.4,63.68,65,16,9.37,few clouds
251,Beringovskiy,RU,2022-04-11 15:55:43,63.05,179.3167,22.86,96,100,5.57,overcast clouds
252,Namibe,AO,2022-04-11 15:55:43,-15.1961,12.1522,74.53,74,4,10.96,clear sky
253,Hasaki,JP,2022-04-11 15:55:43,35.7333,140.8333,61.29,87,100,16.28,overcast clouds
254,Thinadhoo,MV,2022-04-11 15:55:44,0.5333,72.9333,84.65,67,23,11.14,few clouds
255,Norfolk,US,2022-04-11 15:55:44,42.1668,-71.2495,57.88,46,0,3.0,clear sky
256,Salalah,OM,2022-04-11 15:55:44,17.0151,54.0924,81.72,67,0,2.17,clear sky
257,Rodrigues Alves,BR,2022-04-11 15:55:45,-7.738,-72.6509,82.6,75,89,3.4,overcast clouds
258,Kokopo,PG,2022-04-11 15:55:45,-4.352,152.2633,76.33,87,72,3.36,broken clouds
259,Magadan,RU,2022-04-11 15:55:45,59.5667,150.8,-5.48,80,2,8.68,clear sky
260,Traverse City,US,2022-04-11 15:55:46,44.7631,-85.6206,58.84,57,100,14.85,overcast clouds
261,Caravelas,BR,2022-04-11 15:55:46,-17.7125,-39.2481,80.17,81,46,3.87,scattered clouds
262,Turukhansk,RU,2022-04-11 15:55:46,65.8167,87.9833,12.42,92,99,6.76,overcast clouds
263,Vila Franca Do Campo,PT,2022-04-11 15:55:47,37.7167,-25.4333,61.21,84,98,12.59,overcast clouds
264,Mount Darwin,ZW,2022-04-11 15:55:47,-16.7725,31.5838,72.1,59,73,2.39,broken clouds
265,Aloleng,PH,2022-04-11 15:55:47,16.1307,119.7824,81.45,77,100,5.1,overcast clouds
266,Stephenville,US,2022-04-11 15:52:56,32.2207,-98.2023,76.82,68,75,12.66,broken clouds
267,The Valley,AI,2022-04-11 15:55:48,18.217,-63.0578,82.81,94,75,3.44,broken clouds
268,Rawson,AR,2022-04-11 15:55:48,-43.3002,-65.1023,62.85,38,17,13.58,few clouds
269,Kiruna,SE,2022-04-11 15:55:48,67.8557,20.2251,32.92,69,20,14.97,few clouds
270,Pangody,RU,2022-04-11 15:55:49,65.85,74.4859,33.96,100,100,9.1,overcast clouds
271,Macamic,CA,2022-04-11 15:55:49,48.7502,-78.9996,39.07,72,82,12.93,broken clouds
272,Wittstock,DE,2022-04-11 15:55:49,53.1612,12.4829,50.5,49,27,6.49,scattered clouds
273,Liverpool,GB,2022-04-11 15:52:39,53.4106,-2.9779,59.29,49,20,13.8,few clouds
274,Esik,KZ,2022-04-11 15:56:50,43.3552,77.4525,54.82,52,100,4.88,overcast clouds
275,Kununurra,AU,2022-04-11 15:56:50,-15.7667,128.7333,71.58,78,71,6.91,broken clouds
276,Buala,SB,2022-04-11 15:56:50,-8.145,159.5921,79.99,81,90,5.53,overcast clouds
277,Port Lincoln,AU,2022-04-11 15:52:39,-34.7333,135.8667,62.28,76,99,14.47,overcast clouds
278,Najran,SA,2022-04-11 15:56:51,17.4924,44.1277,90.25,14,1,11.34,clear sky
279,Upington,ZA,2022-04-11 15:56:51,-28.4478,21.2561,79.18,36,40,3.44,scattered clouds
280,Tobane,BW,2022-04-11 15:56:51,-21.95,27.9,71.55,63,38,8.97,scattered clouds
281,Fredonia,US,2022-04-11 15:52:00,42.4401,-79.3317,57.22,42,0,8.05,clear sky
282,Erenhot,CN,2022-04-11 15:56:52,43.6475,111.9767,39.74,37,26,3.76,scattered clouds
283,Ciudad Bolivar,VE,2022-04-11 15:56:52,8.1222,-63.5497,94.12,35,99,9.86,overcast clouds
284,Shingu,JP,2022-04-11 15:56:53,33.7333,135.9833,59.65,85,100,3.78,light rain
285,Maceio,BR,2022-04-11 15:54:11,-9.6658,-35.7353,87.24,62,75,12.66,broken clouds
286,Gidole,ET,2022-04-11 15:56:53,5.65,37.3667,61.45,72,84,5.68,light rain
287,Tezu,IN,2022-04-11 15:56:53,27.9167,96.1667,66.34,88,20,3.36,few clouds
288,San Ramon,US,2022-04-11 15:56:54,37.7799,-121.978,53.11,93,100,5.01,light rain
289,Katherine,AU,2022-04-11 15:56:54,-14.4667,132.2667,77.32,57,52,4.61,broken clouds
290,Moindou,NC,2022-04-11 15:56:54,-21.6924,165.677,75.24,87,26,3.71,scattered clouds
291,Gobo,JP,2022-04-11 15:56:55,33.8833,135.15,60.96,87,100,7.07,light rain
292,Listowel,IE,2022-04-11 15:56:55,52.4464,-9.485,55.45,89,100,15.28,overcast clouds
293,Yangambi,CD,2022-04-11 15:56:55,0.8102,24.4336,76.44,75,97,0.76,overcast clouds
294,Seoul,KR,2022-04-11 15:56:23,37.5683,126.9778,60.4,88,40,8.05,mist
295,Petropavlovsk-Kamchatskiy,RU,2022-04-11 15:56:56,53.0452,158.6483,28.99,74,75,4.47,broken clouds
296,Cherskiy,RU,2022-04-11 15:56:56,68.75,161.3,-12.73,98,99,8.08,overcast clouds
297,Husavik,IS,2022-04-11 15:56:56,66.0449,-17.3389,32.67,88,71,4.54,broken clouds
298,Fukue,JP,2022-04-11 15:56:57,32.6881,128.8419,64.89,92,90,13.29,overcast clouds
299,Shitkino,RU,2022-04-11 15:56:57,56.3703,98.3543,25.34,91,100,7.2,overcast clouds
300,Takoradi,GH,2022-04-11 15:56:57,4.8845,-1.7554,85.95,67,87,12.59,overcast clouds
301,Shanghai,CN,2022-04-11 15:56:02,31.2222,121.4581,73.92,65,0,6.71,clear sky
302,Calama,CL,2022-04-11 15:53:16,-22.4667,-68.9333,64.89,20,0,5.75,clear sky
303,Half Moon Bay,US,2022-04-11 15:56:58,37.4636,-122.4286,54.63,92,100,9.22,mist
304,Keighley,GB,2022-04-11 15:56:58,53.8679,-1.9066,58.12,52,0,18.01,clear sky
305,Remontnoye,RU,2022-04-11 15:56:59,46.5614,43.6501,61.48,48,10,14.41,clear sky
306,Safaga,EG,2022-04-11 15:56:59,26.7292,33.9365,83.19,35,1,11.34,clear sky
307,Lake Cowichan,CA,2022-04-11 15:56:59,48.825,-124.0546,41.29,90,84,5.17,broken clouds
308,Oistins,BB,2022-04-11 15:57:00,13.0667,-59.5333,84.29,65,40,24.16,scattered clouds
309,Batemans Bay,AU,2022-04-11 15:57:00,-35.7167,150.1833,60.1,89,100,7.18,overcast clouds
310,Bathsheba,BB,2022-04-11 15:53:51,13.2167,-59.5167,84.81,65,40,24.16,scattered clouds
311,Lufilufi,WS,2022-04-11 15:57:00,-13.8745,-171.5986,73.18,77,29,8.77,light rain
312,Rio Gallegos,AR,2022-04-11 15:54:29,-51.6226,-69.2181,51.85,58,75,13.8,broken clouds
313,Novokayakent,RU,2022-04-11 15:57:01,42.3937,47.9861,49.8,94,48,3.38,scattered clouds
314,Lewisporte,CA,2022-04-11 15:52:39,49.2499,-55.0482,33.55,98,100,22.03,snow
315,Dehloran,IR,2022-04-11 15:58:01,32.6941,47.2679,83.01,11,0,2.48,clear sky
316,Sabang,ID,2022-04-11 15:58:02,5.8933,95.3214,84.16,68,100,7.31,overcast clouds
317,Quebec,CA,2022-04-11 15:56:51,46.8123,-71.2145,48.07,62,20,16.11,few clouds
318,Aksarayskiy,RU,2022-04-11 15:58:02,46.7924,48.0119,62.11,44,1,11.12,clear sky
319,Isetskoye,RU,2022-04-11 15:58:02,56.4858,65.3226,31.8,92,83,6.82,broken clouds
320,Dhangadhi,NP,2022-04-11 15:58:03,28.7079,80.5961,84.69,18,9,5.77,clear sky
321,Chabahar,IR,2022-04-11 15:58:03,25.2919,60.643,84.09,53,0,19.28,clear sky
322,Ulu-Telyak,RU,2022-04-11 15:58:03,54.9086,56.9669,47.71,79,91,5.19,overcast clouds
323,Coquimbo,CL,2022-04-11 15:58:04,-29.9533,-71.3436,55.13,94,100,10.36,overcast clouds
324,Dekar,BW,2022-04-11 15:58:04,-21.5333,21.9333,78.06,44,62,6.82,broken clouds
325,Sankeshwar,IN,2022-04-11 15:58:05,16.2667,74.4833,80.24,52,93,6.11,overcast clouds
326,Yanliang,CN,2022-04-11 15:58:05,34.6592,109.2292,54.59,50,100,2.89,moderate rain
327,Sao Francisco De Paula,BR,2022-04-11 15:58:05,-29.4481,-50.5836,63.68,80,100,7.11,overcast clouds
328,Bunawan,PH,2022-04-11 15:58:06,8.1667,126.0833,73.22,91,100,3.94,overcast clouds
329,Clyde River,CA,2022-04-11 15:58:06,70.4692,-68.5914,1.63,85,100,4.61,fog
330,Coahuayana,MX,2022-04-11 15:58:06,18.7333,-103.6833,89.98,41,18,4.36,few clouds
331,Riviere-Du-Loup,CA,2022-04-11 15:58:07,47.8304,-69.5342,39.47,56,41,4.61,scattered clouds
332,Provideniya,RU,2022-04-11 15:58:07,64.3833,-173.3,20.97,90,96,9.51,overcast clouds
333,Brokopondo,SR,2022-04-11 15:58:07,4.75,-55.1667,82.69,71,77,5.28,broken clouds
334,Schortens,DE,2022-04-11 15:58:08,53.5333,7.95,54.95,58,75,4.61,broken clouds
335,Constitucion,CL,2022-04-11 15:58:08,-35.3333,-72.4167,59.43,52,28,10.98,scattered clouds
336,Kaitangata,NZ,2022-04-11 15:58:08,-46.2817,169.8464,50.54,94,99,9.84,moderate rain
337,Lavrentiya,RU,2022-04-11 15:58:09,65.5833,-171.0,15.22,100,98,4.54,overcast clouds
338,Kiama,AU,2022-04-11 15:58:09,-34.6833,150.8667,64.38,92,100,1.99,overcast clouds
339,Honningsvag,NO,2022-04-11 15:58:09,70.9821,25.9704,37.15,81,75,13.8,broken clouds
340,Barroquinha,BR,2022-04-11 15:58:10,-3.0189,-41.1361,83.26,82,93,5.39,overcast clouds
341,Agadir,MA,2022-04-11 15:58:10,30.4202,-9.5982,72.05,62,99,13.6,overcast clouds
342,Acapulco,MX,2022-04-11 15:58:10,16.8634,-99.8901,84.96,56,71,5.48,broken clouds
343,Barcelos,PT,2022-04-11 15:56:51,41.5388,-8.6151,60.94,83,57,14.45,broken clouds
344,La Ronge,CA,2022-04-11 15:58:11,55.1001,-105.2842,14.22,73,100,19.57,overcast clouds
345,Espana,PH,2022-04-11 15:58:11,12.3841,122.499,76.91,94,100,15.03,heavy intensity rain
346,Faanui,PF,2022-04-11 15:58:12,-16.4833,-151.75,81.66,68,30,15.99,scattered clouds
347,Mahibadhoo,MV,2022-04-11 15:58:12,3.7833,72.9667,84.7,72,53,11.41,broken clouds
348,Khorinsk,RU,2022-04-11 15:58:12,52.1657,109.7726,25.5,73,72,4.25,broken clouds
349,Coihaique,CL,2022-04-11 15:58:13,-45.5752,-72.0662,52.41,81,75,6.91,broken clouds
350,Zyryanka,RU,2022-04-11 15:58:13,65.75,150.85,-15.11,100,30,6.17,scattered clouds
351,Katangli,RU,2022-04-11 15:58:13,51.7102,143.2326,26.71,92,100,19.95,snow
352,Gardendale,US,2022-04-11 15:58:14,33.6601,-86.8128,64.71,91,100,8.99,overcast clouds
353,Maningrida,AU,2022-04-11 15:58:14,-12.0667,134.2667,80.58,75,100,7.45,overcast clouds
354,Nikolskoye,RU,2022-04-11 15:58:15,59.7035,30.7861,44.49,88,98,2.55,overcast clouds
355,Hata,IN,2022-04-11 15:58:15,26.7461,83.7403,87.33,31,3,7.67,clear sky
356,Abeche,TD,2022-04-11 15:58:15,13.8292,20.8324,100.49,7,2,3.15,clear sky
357,Annau,TM,2022-04-11 15:58:16,37.8876,58.516,67.5,60,20,4.61,few clouds
358,Sao Felix Do Xingu,BR,2022-04-11 15:58:16,-6.6447,-51.995,89.13,57,38,2.06,scattered clouds
359,Solnechnyy,RU,2022-04-11 15:58:16,50.7214,136.6319,24.48,95,87,5.68,light snow
360,Keuruu,FI,2022-04-11 15:58:16,62.2667,24.7,40.8,87,100,8.37,overcast clouds
361,Hervey Bay,AU,2022-04-11 15:58:17,-25.2986,152.8535,68.02,91,1,8.99,clear sky
362,Omboue,GA,2022-04-11 15:59:17,-1.5746,9.2618,82.35,77,26,10.42,scattered clouds
363,Panjab,AF,2022-04-11 15:59:18,34.388,67.0233,55.71,20,92,6.02,overcast clouds
364,Anupgarh,IN,2022-04-11 15:59:18,29.1911,73.2086,95.92,11,100,10.65,overcast clouds
365,Kremze,CZ,2022-04-11 15:59:18,48.905,14.3057,53.51,30,79,4.65,broken clouds
366,Manicore,BR,2022-04-11 15:59:19,-5.8092,-61.3003,90.09,51,98,3.83,overcast clouds
367,Borogontsy,RU,2022-04-11 15:59:19,62.6683,131.1683,18.01,96,99,5.66,overcast clouds
368,Zhuhai,CN,2022-04-11 15:59:19,22.2769,113.5678,77.86,88,20,6.91,few clouds
369,Jalingo,NG,2022-04-11 15:59:19,8.8833,11.3667,104.27,18,75,0.83,broken clouds
370,Belmonte,BR,2022-04-11 15:59:20,-15.8631,-38.8828,84.65,58,58,8.03,broken clouds
371,Palmer,US,2022-04-11 15:59:20,42.1584,-72.3287,55.78,40,1,1.99,clear sky
372,Tambilil,PH,2022-04-11 15:59:20,5.9622,124.6697,77.85,90,100,8.97,overcast clouds
373,Petapa,GT,2022-04-11 15:59:21,14.5028,-90.5517,74.55,60,0,9.22,clear sky
374,Palu,ID,2022-04-11 15:59:21,-0.8917,119.8707,76.1,95,93,1.97,overcast clouds
375,Narrabri,AU,2022-04-11 15:59:21,-30.3167,149.7833,59.09,88,0,3.44,clear sky
376,Jinhua,CN,2022-04-11 15:59:22,29.1078,119.6547,70.83,65,0,2.39,clear sky
377,Diamantino,BR,2022-04-11 15:59:22,-14.4086,-56.4461,90.61,48,1,6.69,clear sky
378,Neryungri,RU,2022-04-11 15:59:22,56.6709,124.6491,7.14,99,95,4.09,overcast clouds
379,Methoni,GR,2022-04-11 15:59:23,36.8197,21.7049,64.26,59,0,17.36,clear sky
380,Rawlins,US,2022-04-11 15:59:23,41.7911,-107.2387,40.35,22,57,15.64,broken clouds
381,Corn Island,NI,2022-04-11 15:59:23,12.1694,-83.0418,80.83,77,100,19.37,overcast clouds
382,Jiangyou,CN,2022-04-11 15:59:24,31.7667,104.7167,60.24,85,100,7.67,overcast clouds
383,Lazurne,UA,2022-04-11 15:59:24,46.084,32.5295,43.09,89,100,28.12,overcast clouds
384,Quilali,NI,2022-04-11 15:59:24,13.567,-86.026,84.49,50,66,9.1,broken clouds
385,Saint-Gaudens,FR,2022-04-11 15:59:25,43.0833,0.6667,55.02,48,100,6.98,overcast clouds
386,Matagami,CA,2022-04-11 15:59:25,49.7502,-77.6328,39.31,52,0,16.11,clear sky
387,Lucea,JM,2022-04-11 15:59:25,18.451,-78.1736,84.85,67,71,19.46,broken clouds
388,Kitob,UZ,2022-04-11 15:59:26,39.0843,66.8332,65.8,50,6,4.68,clear sky
389,Sao Jose Da Coroa Grande,BR,2022-04-11 15:59:26,-8.8978,-35.1478,84.52,60,82,5.75,broken clouds
390,Dubti,ET,2022-04-11 15:59:26,11.7361,41.0853,96.89,21,3,13.31,clear sky
391,Mogadishu,SO,2022-04-11 15:59:27,2.0371,45.3438,82.54,76,99,12.8,overcast clouds
392,High Level,CA,2022-04-11 15:55:19,58.5169,-117.136,12.31,73,75,17.27,broken clouds
393,Ayorou,NE,2022-04-11 15:59:27,14.7308,0.9174,109.24,8,14,6.11,few clouds
394,Bushehr,IR,2022-04-11 15:59:27,28.9684,50.8385,80.69,50,40,9.22,scattered clouds
395,Shenjiamen,CN,2022-04-11 15:59:28,29.9576,122.298,60.1,99,100,11.1,overcast clouds
396,Maketu,NZ,2022-04-11 15:59:28,-37.7667,176.45,55.76,98,100,6.82,overcast clouds
397,Juruti,BR,2022-04-11 15:59:28,-2.1522,-56.0922,84.51,73,80,3.83,broken clouds
398,Kodinsk,RU,2022-04-11 15:59:29,58.6881,99.1844,23.05,97,100,2.39,overcast clouds
399,Morant Bay,JM,2022-04-11 15:59:29,17.8815,-76.4093,85.71,81,42,13.82,scattered clouds
400,Imbituba,BR,2022-04-11 15:59:29,-28.24,-48.6703,75.81,91,100,8.05,overcast clouds
401,Muana,BR,2022-04-11 15:59:30,-1.5283,-49.2167,83.8,78,85,1.14,overcast clouds
402,Piacabucu,BR,2022-04-11 15:59:30,-10.4056,-36.4344,83.84,64,98,8.66,overcast clouds
403,Arlit,NE,2022-04-11 15:59:30,18.7369,7.3853,107.24,4,0,6.64,clear sky
404,Darab,IR,2022-04-11 15:59:31,28.7519,54.5444,76.24,10,8,7.02,clear sky
405,Dalen,NL,2022-04-11 15:59:31,52.6992,6.7556,59.05,51,80,10.0,broken clouds
406,Southbridge,US,2022-04-11 15:56:29,42.0751,-72.0334,54.45,49,0,4.0,clear sky
407,Nemuro,JP,2022-04-11 15:59:31,43.3236,145.575,37.76,98,100,5.41,overcast clouds
408,Dawei,MM,2022-04-11 15:59:32,14.0833,98.2,78.22,87,22,1.3,few clouds
409,Catamarca,AR,2022-04-11 15:59:32,-28.4696,-65.7852,69.58,72,86,1.99,overcast clouds
410,Dunmore Town,BS,2022-04-11 16:00:32,25.5,-76.65,72.05,61,0,16.98,clear sky
411,El Alto,PE,2022-04-11 16:00:33,-4.2714,-81.2147,76.03,67,100,7.52,overcast clouds
412,Merauke,ID,2022-04-11 16:00:33,-8.4667,140.3333,81.54,86,100,11.03,overcast clouds
413,Ghanzi,BW,2022-04-11 16:00:34,-21.5667,21.7833,79.38,42,39,4.43,scattered clouds
414,Sechura,PE,2022-04-11 16:00:34,-5.5569,-80.8222,79.83,60,94,10.18,overcast clouds
415,Tambopata,PE,2022-04-11 16:00:34,-12.7333,-69.1833,85.32,62,99,5.88,overcast clouds
416,Palana,RU,2022-04-11 16:00:35,59.1167,159.9667,9.86,94,100,8.63,overcast clouds
417,Port Blair,IN,2022-04-11 16:00:35,11.6667,92.75,80.64,78,20,2.3,mist
418,Cagliari,IT,2022-04-11 16:00:35,39.245,9.0912,61.93,62,0,17.27,clear sky
419,Tenabo,MX,2022-04-11 16:00:36,20.05,-90.2333,86.0,39,29,8.37,scattered clouds
420,Guerrero Negro,MX,2022-04-11 16:00:36,27.9769,-114.0611,62.82,65,3,5.48,clear sky
421,Selizharovo,RU,2022-04-11 16:00:36,56.8519,33.4487,39.16,83,100,3.42,overcast clouds
422,Labrea,BR,2022-04-11 16:00:37,-7.2586,-64.7981,81.37,76,100,3.06,overcast clouds
423,Soe,ID,2022-04-11 16:00:37,-9.8607,124.284,63.73,79,84,3.29,broken clouds
424,Mangai,CD,2022-04-11 16:00:38,-4.05,19.5333,83.07,63,75,1.9,broken clouds
425,Vestmannaeyjar,IS,2022-04-11 16:00:38,63.4427,-20.2734,41.99,70,75,25.32,light rain
426,Escanaba,US,2022-04-11 16:00:38,45.7453,-87.0646,50.25,68,82,18.01,broken clouds
427,Jeremoabo,BR,2022-04-11 16:00:39,-10.075,-38.4808,96.37,28,9,8.59,clear sky
428,Qeshm,IR,2022-04-11 16:00:39,26.9581,56.2719,84.07,63,88,14.18,overcast clouds
429,Hutchinson,US,2022-04-11 15:57:52,38.0608,-97.9298,54.73,36,100,11.65,overcast clouds
430,Fengcheng,CN,2022-04-11 16:00:40,40.4536,124.0717,55.94,95,100,0.76,light rain
431,Kudahuvadhoo,MV,2022-04-11 16:00:40,2.6708,72.8944,84.7,71,27,10.22,scattered clouds
432,Manggar,ID,2022-04-11 16:00:40,-2.8833,108.2667,80.56,77,55,1.99,broken clouds
433,Clinton,US,2022-04-11 16:00:41,42.587,-82.9199,63.21,67,100,3.0,overcast clouds
434,Kloulklubed,PW,2022-04-11 16:00:41,7.0419,134.2556,82.81,84,100,23.96,overcast clouds
435,Prince Rupert,CA,2022-04-11 16:00:41,54.3161,-130.3201,33.89,93,40,4.61,scattered clouds
436,Labuan,MY,2022-04-11 16:00:42,5.2767,115.2417,82.72,72,69,8.05,broken clouds
437,Shitanjing,CN,2022-04-11 16:00:42,39.2342,106.3439,43.03,25,99,2.15,overcast clouds
438,Araouane,ML,2022-04-11 16:00:42,18.9048,-3.5265,103.44,4,1,12.53,clear sky
439,Hede,CN,2022-04-11 16:00:43,33.7681,120.2517,65.88,66,8,8.66,clear sky
440,Domat,CH,2022-04-11 16:00:43,46.8348,9.4508,60.51,40,86,6.8,overcast clouds
441,Hastings,GB,2022-04-11 16:00:44,50.8552,0.5729,62.13,50,100,13.15,overcast clouds
442,Matveyev Kurgan,RU,2022-04-11 16:00:44,47.5645,38.8695,67.24,47,98,13.65,overcast clouds
443,Itoman,JP,2022-04-11 16:00:44,26.1247,127.6694,73.42,92,40,11.5,scattered clouds
444,Ancud,CL,2022-04-11 16:00:45,-41.8697,-73.8203,53.22,88,100,9.78,light rain
445,Faya,SA,2022-04-11 16:00:45,18.3851,42.4509,66.63,44,2,7.85,clear sky
446,Mastic Beach,US,2022-04-11 16:00:45,40.7668,-72.8521,55.26,46,0,7.0,clear sky
447,Nioro,GM,2022-04-11 16:00:46,13.35,-15.75,105.37,8,20,7.11,few clouds
448,Sfantu Gheorghe,RO,2022-04-11 16:00:46,45.8667,25.7833,45.66,50,81,13.11,broken clouds
449,Tiarei,PF,2022-04-11 16:00:46,-17.5333,-149.3333,77.02,77,9,12.66,light rain
450,Kavaratti,IN,2022-04-11 16:00:47,10.5669,72.642,83.98,72,29,10.4,scattered clouds
451,Bezhetsk,RU,2022-04-11 15:57:44,57.7851,36.6965,35.04,98,100,5.28,overcast clouds
452,Zelenoborsk,RU,2022-04-11 16:00:47,61.4669,64.0333,35.73,99,82,6.35,broken clouds
453,Machilipatnam,IN,2022-04-11 16:00:48,16.1667,81.1333,82.42,79,84,13.0,broken clouds
454,Gorontalo,ID,2022-04-11 16:00:48,0.5412,123.0595,75.67,91,96,2.06,overcast clouds
455,Kuito,AO,2022-04-11 16:00:48,-12.3833,16.9333,65.05,84,95,3.78,light rain
456,Zaragoza,ES,2022-04-11 15:58:34,41.6561,-0.8773,72.86,32,0,29.93,clear sky
457,Broome,US,2022-04-11 16:01:49,42.2506,-75.833,52.7,51,0,9.22,clear sky
458,Moyobamba,PE,2022-04-11 16:01:49,-6.05,-76.9667,79.03,68,100,0.58,overcast clouds
459,Maragogi,BR,2022-04-11 15:59:21,-9.0122,-35.2225,83.98,63,81,6.17,broken clouds
460,Lagoa,PT,2022-04-11 16:01:50,39.05,-27.9833,59.07,90,95,23.82,overcast clouds
461,Maumere,ID,2022-04-11 16:01:50,-8.6199,122.2111,79.38,73,94,5.21,overcast clouds
462,Chimbarongo,CL,2022-04-11 16:01:50,-34.7,-71.05,63.57,40,1,6.24,clear sky
463,Gobabis,NA,2022-04-11 16:01:51,-22.45,18.9667,82.9,22,4,3.56,clear sky
464,Tabursuq,TN,2022-04-11 16:01:51,36.4569,9.2475,74.1,42,100,11.01,overcast clouds
465,Margate,GB,2022-04-11 16:01:51,51.3813,1.3862,62.11,62,100,5.01,overcast clouds
466,Ilheus,BR,2022-04-11 15:59:44,-14.7889,-39.0494,85.82,70,40,5.75,scattered clouds
467,Jaynagar-Majilpur,IN,2022-04-11 16:01:52,22.1758,88.4178,81.21,80,33,16.49,scattered clouds
468,Port Hawkesbury,CA,2022-04-11 16:01:52,45.6169,-61.3485,42.91,89,100,14.0,overcast clouds
469,Huarmey,PE,2022-04-11 16:01:52,-10.0681,-78.1522,72.68,77,71,10.09,broken clouds
470,Isla Mujeres,MX,2022-04-11 16:01:53,21.2311,-86.731,82.45,60,7,16.73,clear sky
471,Progreso,MX,2022-04-11 16:01:53,21.2833,-89.6667,84.31,48,3,11.86,clear sky
472,Martapura,ID,2022-04-11 16:01:53,-3.4167,114.85,77.09,94,9,3.44,clear sky
473,Arroyo,ES,2022-04-11 16:01:53,41.6096,-4.7969,69.08,39,40,25.32,scattered clouds
474,Vitry-Le-Francois,FR,2022-04-11 16:01:54,48.7333,4.5833,65.26,57,95,13.11,overcast clouds
475,Axim,GH,2022-04-11 15:59:47,4.8699,-2.2405,85.87,68,60,10.51,broken clouds
476,Srandakan,ID,2022-04-11 16:01:54,-7.9386,110.2506,78.35,84,39,4.29,scattered clouds
477,Mackay,AU,2022-04-11 15:57:57,-21.15,149.2,73.38,94,40,8.05,scattered clouds
478,Wahiawa,US,2022-04-11 16:01:55,21.5028,-158.0236,71.2,84,52,5.21,broken clouds
479,Talnakh,RU,2022-04-11 16:01:55,69.4865,88.3972,-4.99,93,7,6.29,clear sky
480,Biltine,TD,2022-04-11 16:01:55,14.5333,20.9167,101.23,5,4,14.18,clear sky
481,Sorland,NO,2022-04-11 16:01:56,67.667,12.6934,40.3,78,19,11.99,few clouds
482,Launceston,AU,2022-04-11 16:01:56,-41.45,147.1667,43.16,82,5,5.75,clear sky
483,Nhulunbuy,AU,2022-04-11 16:01:56,-12.2333,136.7667,79.41,83,100,5.75,overcast clouds
484,Lazaro Cardenas,MX,2022-04-11 16:01:57,17.9583,-102.2,84.13,54,100,4.27,overcast clouds
485,Eltham,NZ,2022-04-11 16:01:57,-39.4292,174.3,57.69,93,97,6.4,overcast clouds
486,Puerto Baquerizo Moreno,EC,2022-04-11 16:01:57,-0.9,-89.6,78.6,79,65,11.7,broken clouds
487,Gamba,GA,2022-04-11 15:59:47,-2.65,10.0,81.66,79,69,7.87,broken clouds
488,Santa Rosa,PH,2022-04-11 16:01:58,14.3122,121.1114,83.1,86,100,3.36,overcast clouds
489,Cartagena Del Chaira,CO,2022-04-11 16:01:58,1.3349,-74.8429,85.3,64,98,1.88,overcast clouds
490,Thyolo,MW,2022-04-11 16:01:58,-16.0678,35.1405,65.05,92,42,2.86,scattered clouds
491,Hinche,HT,2022-04-11 16:01:59,19.15,-72.0167,89.51,41,17,4.88,few clouds
492,Broken Hill,AU,2022-04-11 16:01:59,-31.95,141.4333,66.99,54,0,13.53,clear sky
493,Hofn,IS,2022-04-11 16:01:59,64.2539,-15.2082,36.54,67,100,16.71,overcast clouds
494,Nelson Bay,AU,2022-04-11 16:02:00,-32.7167,152.15,72.0,95,38,13.38,light rain
495,Maun,BW,2022-04-11 16:02:00,-19.9833,23.4167,78.51,48,99,3.67,overcast clouds
496,Te Anau,NZ,2022-04-11 16:02:00,-45.4167,167.7167,50.59,98,100,1.57,moderate rain
497,Zabid,YE,2022-04-11 16:02:01,14.1951,43.3152,88.86,41,0,10.42,clear sky
498,Sioux Lookout,CA,2022-04-11 16:02:01,50.1001,-91.917,33.87,93,100,8.05,mist
499,Urusha,RU,2022-04-11 16:02:01,54.05,122.9,18.01,95,93,3.85,overcast clouds
500,Calvillo,MX,2022-04-11 16:02:02,21.85,-102.7167,73.13,31,0,6.71,clear sky
501,Novikovo,RU,2022-04-11 16:02:02,51.1537,37.8879,61.56,60,100,8.14,overcast clouds
502,Lakeway,US,2022-04-11 16:02:02,30.3638,-97.9796,73.35,82,100,11.99,overcast clouds
503,Manta,EC,2022-04-11 16:00:15,-0.95,-80.7333,76.03,86,100,6.15,overcast clouds
504,Bardiyah,LY,2022-04-11 16:03:03,31.7561,25.0865,59.4,59,0,20.11,clear sky
505,Mount Pleasant,US,2022-04-11 16:03:03,32.7941,-79.8626,77.09,47,0,8.05,clear sky
506,Colac,AU,2022-04-11 16:03:04,-38.3333,143.5833,52.18,73,86,4.0,overcast clouds
507,Jumla,NP,2022-04-11 16:03:04,29.2747,82.1838,53.76,66,16,5.28,few clouds
508,Aksha,RU,2022-04-11 16:03:04,50.2814,113.2867,27.7,60,79,4.52,broken clouds
509,Opuwo,NA,2022-04-11 16:03:05,-18.0607,13.84,86.79,31,92,9.01,overcast clouds
510,Puerto El Triunfo,SV,2022-04-11 16:03:05,13.2833,-88.55,89.82,49,14,6.51,few clouds
511,Leningradskiy,RU,2022-04-11 16:03:05,69.3833,178.4167,-17.09,98,96,3.71,overcast clouds
512,Doka,SD,2022-04-11 16:03:06,13.5167,35.7667,101.64,10,50,6.35,scattered clouds
513,Krasnyy Chikoy,RU,2022-04-11 16:03:06,50.3643,108.7512,28.94,65,100,1.39,overcast clouds
514,Beatrice,US,2022-04-11 16:03:06,40.2681,-96.747,51.89,54,0,3.44,clear sky
515,Lingyuan,CN,2022-04-11 16:03:07,41.24,119.4011,53.29,46,100,10.27,overcast clouds
516,Drochia,MD,2022-04-11 16:03:07,48.035,27.8161,47.44,38,100,14.14,overcast clouds
517,Miraflores,MX,2022-04-11 16:03:07,19.2167,-98.8083,68.04,41,98,2.71,overcast clouds
518,Kysyl-Syr,RU,2022-04-11 16:03:08,63.8986,122.7617,2.66,100,84,2.75,broken clouds
519,Mabaruma,GY,2022-04-11 16:03:08,8.2,-59.7833,86.47,53,52,8.1,broken clouds
520,Bandarbeyla,SO,2022-04-11 16:03:09,9.4942,50.8122,82.15,72,5,9.42,clear sky
521,Emerald,AU,2022-04-11 16:03:09,-23.5333,148.1667,72.34,66,3,7.85,clear sky
522,Yeppoon,AU,2022-04-11 16:03:09,-23.1333,150.7333,71.38,82,14,8.79,few clouds
523,Bauchi,NG,2022-04-11 16:03:10,10.5,10.0,102.65,14,64,8.93,broken clouds
524,Bydgoszcz,PL,2022-04-11 15:58:58,53.1235,18.0076,49.78,56,75,9.22,broken clouds
525,Sterling,US,2022-04-11 16:02:00,39.0062,-77.4286,60.19,48,75,10.36,broken clouds
526,Umm Kaddadah,SD,2022-04-11 16:03:10,13.6017,26.6876,95.5,7,3,5.32,clear sky
527,Bom Jesus Da Lapa,BR,2022-04-11 16:03:11,-13.255,-43.4181,100.69,19,21,2.21,few clouds
528,Kangasala,FI,2022-04-11 16:03:11,61.4638,24.076,42.98,58,89,8.7,overcast clouds
529,Ahuimanu,US,2022-04-11 16:03:11,21.4447,-157.8378,74.19,81,40,10.36,scattered clouds
530,Quatre Cocos,MU,2022-04-11 16:03:12,-20.2078,57.7625,75.09,79,45,19.3,light rain
531,Roatan,HN,2022-04-11 16:00:30,16.3244,-86.5366,77.36,93,30,16.49,scattered clouds
532,Novyy Urengoy,RU,2022-04-11 16:03:12,66.0833,76.6333,33.75,100,100,7.7,overcast clouds
533,Vicuna,CL,2022-04-11 16:03:12,-30.0319,-70.7081,51.53,32,0,8.12,clear sky
534,Kande,TG,2022-04-11 16:03:13,9.9578,1.0447,90.5,42,99,3.06,light rain
535,Savannah Bight,HN,2022-04-11 16:03:13,16.45,-85.85,80.13,78,28,17.11,scattered clouds
536,Orlik,RU,2022-04-11 16:03:13,52.5178,99.825,12.4,92,99,1.72,light snow
537,Viedma,AR,2022-04-11 16:03:14,-40.8135,-62.9967,55.0,71,100,5.03,overcast clouds
538,Neiafu,TO,2022-04-11 16:03:14,-18.65,-173.9833,72.28,100,40,0.0,scattered clouds
539,Srednekolymsk,RU,2022-04-11 16:03:15,67.45,153.6833,-13.59,100,39,4.23,scattered clouds
540,Timmins,CA,2022-04-11 15:59:01,48.4669,-81.3331,40.82,52,75,19.57,broken clouds
541,Ilebo,CD,2022-04-11 16:03:15,-4.3167,20.5833,82.44,72,72,1.79,broken clouds
542,Hamilton,US,2022-04-11 16:01:36,39.1834,-84.5333,61.25,84,100,9.22,overcast clouds
543,Embonas,GR,2022-04-11 16:03:16,36.2269,27.8564,55.83,66,33,31.83,scattered clouds
544,Tierra Blanca,HN,2022-04-11 16:03:16,14.5833,-88.5833,82.06,50,39,4.16,scattered clouds
545,Sola,VU,2022-04-11 16:03:16,-13.8833,167.55,81.21,72,8,3.04,clear sky
546,Providencia,MX,2022-04-11 16:03:17,28.7167,-111.5833,74.21,73,0,15.14,clear sky
547,Prabumulih,ID,2022-04-11 16:03:17,-3.45,104.25,74.26,96,96,2.19,overcast clouds
548,Saint-Joseph,RE,2022-04-11 16:03:17,-21.3667,55.6167,75.58,81,69,17.81,light rain
549,Maniitsoq,GL,2022-04-11 16:03:18,65.4167,-52.9,32.11,69,100,4.12,overcast clouds
550,Oakdale,US,2022-04-11 16:04:18,44.963,-92.9649,51.73,54,0,13.8,clear sky
551,Rong Kwang,TH,2022-04-11 16:04:18,18.339,100.3174,84.43,48,17,0.94,light rain
552,Maner,IN,2022-04-11 16:04:19,25.65,84.8833,84.11,26,2,8.34,clear sky
553,Bardejov,SK,2022-04-11 16:04:19,49.2918,21.2727,48.25,52,88,4.0,overcast clouds
554,Madruga,CU,2022-04-11 16:04:20,22.9114,-81.8561,79.74,36,2,14.12,clear sky
555,Eyl,SO,2022-04-11 16:04:20,7.9803,49.8164,82.27,73,5,11.97,clear sky
556,Alice Springs,AU,2022-04-11 16:04:21,-23.7,133.8833,78.35,36,100,1.14,overcast clouds
557,Alofi,NU,2022-04-11 16:04:21,-19.0595,-169.9187,71.49,94,40,1.14,scattered clouds
558,Santa Maria Do Suacui,BR,2022-04-11 16:04:21,-18.1903,-42.4142,81.99,63,73,6.26,broken clouds
559,Sokhos,GR,2022-04-11 16:04:22,40.8167,23.35,53.49,50,9,11.32,clear sky
560,Kamenka,RU,2022-04-11 16:04:22,51.3223,42.7678,59.14,66,20,11.03,few clouds
561,Road Town,VG,2022-04-11 16:04:23,18.4167,-64.6167,81.0,75,19,8.55,few clouds
562,Juneau,US,2022-04-11 16:00:06,58.3019,-134.4197,31.98,45,0,13.71,clear sky
563,Miyako,JP,2022-04-11 16:04:23,39.6367,141.9525,54.77,64,95,4.81,overcast clouds
564,Olinda,BR,2022-04-11 16:00:24,-8.0089,-34.8553,85.73,66,40,9.22,scattered clouds
565,Darhan,MN,2022-04-11 16:04:24,49.4867,105.9228,35.49,40,100,5.57,overcast clouds
566,Baillif,GP,2022-04-11 16:04:24,16.0202,-61.7463,83.7,65,38,12.68,scattered clouds
567,Egvekinot,RU,2022-04-11 16:04:24,66.3167,-179.1667,14.5,96,100,3.65,overcast clouds
568,Springdale,US,2022-04-11 15:59:40,36.1867,-94.1288,57.51,96,100,11.5,mist
569,Basse-Pointe,MQ,2022-04-11 16:04:25,14.8695,-61.115,86.05,30,37,11.39,scattered clouds
570,Waingapu,ID,2022-04-11 16:04:25,-9.6567,120.2641,76.98,78,84,4.9,broken clouds
571,Una,IN,2022-04-11 16:04:25,20.8167,71.0333,82.9,57,100,12.88,overcast clouds
572,Keffi,NG,2022-04-11 16:04:26,8.8486,7.8736,99.37,26,58,5.48,broken clouds
573,Sinazongwe,ZM,2022-04-11 16:04:26,-17.2614,27.4618,77.22,66,91,3.62,overcast clouds
574,Waipawa,NZ,2022-04-11 16:04:26,-41.4122,175.5153,58.75,78,15,16.78,few clouds
575,Atar,MR,2022-04-11 16:04:27,20.5169,-13.0499,99.46,6,52,14.18,broken clouds
576,Polewali,ID,2022-04-11 16:04:27,-3.4324,119.3435,77.25,87,35,2.66,scattered clouds
577,Zhanaozen,KZ,2022-04-11 16:04:27,43.3,52.8,63.5,46,62,7.61,broken clouds
578,Qasigiannguit,GL,2022-04-11 16:04:28,68.8193,-51.1922,30.45,66,100,1.03,overcast clouds
579,Hailey,US,2022-04-11 16:01:00,43.5196,-114.3153,28.8,85,100,4.0,snow
580,Rayagada,IN,2022-04-11 16:04:28,19.1667,83.4167,81.81,62,45,4.43,scattered clouds
581,Tongren,CN,2022-04-11 16:04:28,27.7172,109.1853,71.13,75,4,1.9,clear sky
582,Avera,US,2022-04-11 16:04:29,33.194,-82.5271,74.37,48,6,8.63,clear sky
583,Victor Harbor,AU,2022-04-11 16:04:29,-35.5667,138.6167,59.0,76,80,11.97,broken clouds
584,Uji,JP,2022-04-11 16:04:29,34.8833,135.8,62.62,71,100,2.06,overcast clouds
585,Kautokeino,NO,2022-04-11 16:04:30,69.0125,23.0412,31.41,80,100,18.1,overcast clouds
586,Zholymbet,KZ,2022-04-11 16:04:30,51.7433,71.7122,43.45,47,98,14.9,overcast clouds
587,Navoi,UZ,2022-04-11 16:04:30,40.0844,65.3792,69.28,52,75,23.02,broken clouds
588,Berlevag,NO,2022-04-11 16:04:31,70.8578,29.0864,35.6,80,75,6.91,broken clouds
589,Basco,PH,2022-04-11 16:04:31,20.4487,121.9702,78.46,83,100,16.22,overcast clouds
590,Manokwari,ID,2022-04-11 16:04:31,-0.8667,134.0833,78.62,83,100,10.76,overcast clouds
591,Okhotsk,RU,2022-04-11 16:04:31,59.3833,143.3,11.89,95,93,4.52,overcast clouds
592,Belle Fourche,US,2022-04-11 16:04:32,44.6714,-103.8522,42.49,56,66,4.72,broken clouds
593,Fergus Falls,US,2022-04-11 16:02:43,46.283,-96.0776,42.06,90,75,5.75,broken clouds
594,Elat,IL,2022-04-11 16:05:32,29.5581,34.9482,85.84,23,0,16.11,clear sky
595,Gillette,US,2022-04-11 16:00:35,44.2911,-105.5022,35.11,65,0,4.61,clear sky
596,Tembisa,ZA,2022-04-11 16:05:33,-25.9964,28.2268,63.19,84,14,5.1,light rain
597,Lata,PT,2022-04-11 16:05:33,40.1629,-8.3327,59.92,62,76,11.92,broken clouds
598,Touros,BR,2022-04-11 16:05:33,-5.1989,-35.4608,87.42,57,98,13.15,overcast clouds
599,Meulaboh,ID,2022-04-11 16:05:34,4.1363,96.1285,76.69,90,92,7.87,overcast clouds
600,Paamiut,GL,2022-04-11 16:05:34,61.994,-49.6678,32.56,71,100,11.88,overcast clouds
601,Maldonado,UY,2022-04-11 16:05:26,-34.6667,-54.9167,72.79,90,100,11.79,overcast clouds
602,Voyvozh,RU,2022-04-11 16:05:34,62.892,54.9635,37.33,99,100,8.21,overcast clouds
603,Mwense,ZM,2022-04-11 16:05:35,-10.3845,28.698,70.14,90,98,3.62,light rain
604,Olafsvik,IS,2022-04-11 16:05:35,64.8945,-23.7142,35.01,75,17,23.0,few clouds
605,Charlottetown,CA,2022-04-11 16:01:27,46.2352,-63.1267,44.56,71,98,18.01,overcast clouds
606,Polunochnoye,RU,2022-04-11 16:05:35,60.8697,60.4153,33.58,99,75,3.22,broken clouds
607,Bonavista,CA,2022-04-11 16:05:36,48.6499,-53.1147,31.86,98,100,20.92,light snow
608,Terrace Bay,CA,2022-04-11 16:05:36,48.7834,-87.1,34.43,98,100,19.33,snow
609,Arkadak,RU,2022-04-11 16:05:36,51.9326,43.4978,57.69,71,67,9.06,broken clouds
610,Okahandja,NA,2022-04-11 16:05:37,-21.9833,16.9167,85.42,21,0,3.38,clear sky
611,Chara,RU,2022-04-11 16:05:37,56.9064,118.2631,14.67,75,100,2.33,overcast clouds
612,Lewistown,US,2022-04-11 16:05:37,40.5992,-77.5714,56.48,70,0,0.0,clear sky
613,Dongning,CN,2022-04-11 16:05:38,44.0622,131.1207,49.95,97,100,1.88,light rain
614,Yazman,PK,2022-04-11 16:05:38,29.1212,71.7446,94.77,10,100,10.49,overcast clouds
615,Kirakira,SB,2022-04-11 16:05:38,-10.4544,161.9205,79.32,84,37,4.14,scattered clouds
616,Grand Gaube,MU,2022-04-11 16:05:39,-20.0064,57.6608,75.38,87,9,1.01,light rain
617,Yarmouth,US,2022-04-11 16:04:34,41.7057,-70.2286,57.15,53,0,11.5,clear sky
618,Camapua,BR,2022-04-11 16:05:39,-19.5314,-54.0439,89.96,46,0,9.46,clear sky
619,Tazovskiy,RU,2022-04-11 16:05:39,67.4667,78.7,28.8,97,100,11.03,overcast clouds
620,Sayat,TM,2022-04-11 16:05:40,38.7839,63.8803,77.34,30,0,16.49,clear sky
621,Ramsey,US,2022-04-11 16:05:40,45.0333,-93.0835,52.41,54,0,13.8,clear sky
622,Pokhara,NP,2022-04-11 16:02:08,28.2333,83.9833,74.16,56,11,4.45,few clouds
623,Kroya,ID,2022-04-11 16:05:41,-7.6331,109.2461,78.71,85,55,4.41,light rain
624,Yopal,CO,2022-04-11 16:05:41,5.3378,-72.3959,87.64,52,100,4.03,overcast clouds
625,Inirida,CO,2022-04-11 16:05:41,3.8653,-67.9239,83.89,70,99,3.29,moderate rain
626,Kissidougou,GN,2022-04-11 16:05:41,9.1848,-10.0999,96.13,29,98,4.7,overcast clouds
627,Usinsk,RU,2022-04-11 16:05:42,65.9939,57.5281,34.56,100,100,9.98,light snow
628,Altamira,BR,2022-04-11 16:02:39,-3.2033,-52.2064,85.51,65,99,3.29,overcast clouds
629,Linqiong,CN,2022-04-11 16:05:42,30.4159,103.4609,63.91,92,100,7.67,light rain
630,San Cristobal,VE,2022-04-11 16:05:42,7.7669,-72.225,77.18,54,55,7.65,broken clouds
631,Hlotse,LS,2022-04-11 16:05:43,-28.8718,28.045,52.03,75,46,1.92,scattered clouds
632,Linxia,CN,2022-04-11 16:05:43,35.6003,103.2064,44.22,47,98,1.5,overcast clouds
633,Yantal,RU,2022-04-11 16:05:43,56.8471,105.2542,22.71,98,70,3.4,broken clouds
634,Jiuquan,CN,2022-04-11 16:05:44,39.7432,98.5174,44.44,44,46,6.08,scattered clouds
635,Xining,CN,2022-04-11 16:05:44,36.6167,101.7667,40.6,30,70,5.55,broken clouds
636,Abu Samrah,SY,2022-04-11 16:05:44,35.3029,37.1841,60.53,45,5,20.96,clear sky
637,General Roca,AR,2022-04-11 16:05:45,-39.0333,-67.5833,60.62,28,3,20.38,clear sky
638,Madoc,CA,2022-04-11 16:05:45,44.5084,-77.4745,47.59,46,64,10.65,broken clouds
639,Tevriz,RU,2022-04-11 16:06:45,57.509,72.4042,30.54,96,100,4.56,overcast clouds
640,Kabanjahe,ID,2022-04-11 16:06:46,3.1001,98.4908,62.94,96,100,3.53,overcast clouds
641,Goreloye,RU,2022-04-11 16:06:46,52.937,41.5043,59.16,69,96,7.45,overcast clouds
642,Zhezkazgan,KZ,2022-04-11 16:06:47,47.8043,67.7144,59.38,22,98,14.72,overcast clouds
643,Atasu,KZ,2022-04-11 16:06:47,48.6814,71.6433,48.13,41,50,18.21,scattered clouds
644,Peniche,PT,2022-04-11 16:04:43,39.3558,-9.3811,63.1,77,0,17.0,clear sky
645,Xuddur,SO,2022-04-11 16:06:47,4.1213,43.8894,90.39,30,54,5.66,broken clouds
646,Ternate,ID,2022-04-11 16:06:48,0.8,127.4,81.66,76,100,8.63,overcast clouds
647,Las Vegas,US,2022-04-11 16:03:20,36.175,-115.1372,65.98,18,0,13.8,clear sky
648,Abay,KZ,2022-04-11 16:06:48,49.6311,72.8539,43.18,40,89,17.92,overcast clouds
649,Nuevitas,CU,2022-04-11 16:06:48,21.5453,-77.2644,80.64,52,4,16.37,clear sky
650,Sheridan,US,2022-04-11 16:06:49,44.8333,-106.9173,35.98,53,20,4.61,few clouds
651,Saint-Georges,GD,2022-04-11 16:03:28,12.0564,-61.7485,85.68,70,40,23.02,scattered clouds
652,Wamba,NG,2022-04-11 16:06:49,8.9333,8.6,90.75,39,81,0.56,broken clouds
653,Antalaha,MG,2022-04-11 16:06:49,-14.9003,50.2788,77.45,79,73,9.4,light rain
654,Spirit River,CA,2022-04-11 16:06:50,55.7833,-118.8361,16.29,57,100,13.58,overcast clouds
655,Kaarina,FI,2022-04-11 16:06:50,60.4072,22.369,44.35,54,0,12.66,clear sky
656,Ambilobe,MG,2022-04-11 16:06:50,-13.2,49.05,77.56,80,67,3.94,broken clouds
657,Erzurum,TR,2022-04-11 16:06:51,40.0,41.5,53.28,78,44,4.12,scattered clouds
658,Marawi,PH,2022-04-11 16:06:51,7.9986,124.2928,68.11,92,100,5.3,overcast clouds
659,Monrovia,LR,2022-04-11 16:03:31,6.3005,-10.7969,85.77,67,83,9.37,broken clouds
660,Kruisfontein,ZA,2022-04-11 16:06:51,-34.0033,24.7314,71.89,77,35,11.61,scattered clouds
661,Straumen,NO,2022-04-11 16:06:52,63.8709,11.2999,39.2,97,100,13.0,overcast clouds
662,Lingao,CN,2022-04-11 16:06:52,19.9103,109.6859,73.38,84,2,11.1,clear sky
663,Hato Mayor,DO,2022-04-11 16:06:52,18.7629,-69.256,87.85,40,21,10.25,few clouds
664,Odessa,UA,2022-04-11 16:02:52,46.4775,30.7326,47.95,61,100,22.24,overcast clouds
665,Cullman,US,2022-04-11 16:02:05,34.1748,-86.8436,59.65,91,20,3.0,few clouds
666,Huron,US,2022-04-11 16:06:53,41.1501,-82.5499,56.79,77,100,17.0,overcast clouds
667,Port Macquarie,AU,2022-04-11 16:06:53,-31.4333,152.9167,63.9,89,16,9.82,few clouds
668,Novaya Zaimka,RU,2022-04-11 16:06:53,56.4857,66.9241,34.74,78,88,9.15,overcast clouds
669,Moron,AR,2022-04-11 16:06:54,-34.6534,-58.6198,71.78,72,100,5.86,overcast clouds
670,Chiman,PK,2022-04-11 16:06:54,32.5463,73.8138,89.17,12,100,6.76,overcast clouds
671,Emba,KZ,2022-04-11 16:06:54,48.8264,58.1442,57.38,64,83,3.76,broken clouds
672,Kaeo,NZ,2022-04-11 16:06:54,-35.1,173.7833,67.32,87,100,11.27,overcast clouds
673,Callaguip,PH,2022-04-11 16:06:55,18.0714,120.4867,81.28,76,85,2.62,overcast clouds
674,Vao,NC,2022-04-11 16:06:18,-22.6667,167.4833,76.1,82,15,13.89,few clouds
675,Smithers,CA,2022-04-11 16:04:05,54.7804,-127.1743,33.33,50,49,4.16,scattered clouds
676,Krasnoarmeysk,RU,2022-04-11 16:06:55,51.0239,45.6969,54.28,68,100,6.6,overcast clouds
677,Batagay-Alyta,RU,2022-04-11 16:06:56,67.8006,130.4114,-8.48,93,86,6.42,overcast clouds
678,Dwarka,IN,2022-04-11 16:06:56,22.2394,68.9678,82.08,76,97,12.8,overcast clouds
679,Tuy Hoa,VN,2022-04-11 16:06:56,13.0833,109.3,73.26,92,53,1.16,broken clouds
680,Cascais,PT,2022-04-11 16:06:57,38.6979,-9.4215,65.52,64,20,25.01,few clouds
681,Port Hardy,CA,2022-04-11 16:06:57,50.6996,-127.4199,39.18,61,1,3.83,clear sky
682,Carutapera,BR,2022-04-11 16:06:57,-1.195,-46.02,82.63,78,100,5.1,light rain
683,Ustka,PL,2022-04-11 16:06:58,54.5805,16.8619,41.31,70,7,14.74,clear sky
684,Alekseyevsk,RU,2022-04-11 16:06:58,57.8406,108.3492,18.41,97,80,0.78,broken clouds
685,Mandera,KE,2022-04-11 16:06:58,3.9366,41.867,90.81,41,99,9.04,overcast clouds
686,Chagoda,RU,2022-04-11 16:06:59,59.164,35.3285,36.82,95,100,0.45,overcast clouds
687,Itarema,BR,2022-04-11 16:07:59,-2.9248,-39.9167,83.93,73,92,8.88,overcast clouds
688,San Jeronimo,PE,2022-04-11 16:07:59,-11.9472,-75.2829,60.12,58,23,1.77,few clouds
689,Rio Grande,BR,2022-04-11 16:07:59,-32.035,-52.0986,78.91,68,100,16.69,overcast clouds
690,Sakakah,SA,2022-04-11 16:08:00,29.9697,40.2064,87.12,9,69,5.93,broken clouds
691,Richards Bay,ZA,2022-04-11 16:08:00,-28.783,32.0377,68.2,96,100,5.12,light rain
